date,year,month,dayofmonth,dayofweek,dayofyear,weekofyear,quarter,is_month_start,is_month_end,is_quarter_start,is_quarter_end,is_year_start,is_year_end,year_weekofyear
12/30/1900,1,1,1,2,1,1,1,TRUE,FALSE,TRUE,FALSE,TRUE,FALSE,101
12/31/1900,1,1,2,3,2,1,1,FALSE,FALSE,FALSE,FALSE,FALSE,FALSE,101
1/1/1901,1,1,3,4,3,1,1,FALSE,FALSE,FALSE,FALSE,FALSE,FALSE,101
1/2/1901,1,1,4,5,4,1,1,FALSE,FALSE,FALSE,FALSE,FALSE,FALSE,101
1/3/1901,1,1,5,6,5,1,1,FALSE,FALSE,FALSE,FALSE,FALSE,FALSE,101
1/4/1901,1,1,6,0,6,2,1,FALSE,FALSE,FALSE,FALSE,FALSE,FALSE,102
1/5/1901,1,1,7,1,7,2,1,FALSE,FALSE,FALSE,FALSE,FALSE,FALSE,102
1/6/1901,1,1,8,2,8,2,1,FALSE,FALSE,FALSE,FALSE,FALSE,FALSE,102
1/7/1901,1,1,9,3,9,2,1,FALSE,FALSE,FALSE,FALSE,FALSE,FALSE,102
1/8/1901,1,1,10,4,10,2,1,FALSE,FALSE,FALSE,FALSE,FALSE,FALSE,102
1/9/1901,1,1,11,5,11,2,1,FALSE,FALSE,FALSE,FALSE,FALSE,FALSE,102
1/10/1901,1,1,12,6,12,2,1,FALSE,FALSE,FALSE,FALSE,FALSE,FALSE,102
1/11/1901,1,1,13,0,13,3,1,FALSE,FALSE,FALSE,FALSE,FALSE,FALSE,103
1/12/1901,1,1,14,1,14,3,1,FALSE,FALSE,FALSE,FALSE,FALSE,FALSE,103
1/13/1901,1,1,15,2,15,3,1,FALSE,FALSE,FALSE,FALSE,FALSE,FALSE,103
1/14/1901,1,1,16,3,16,3,1,FALSE,FALSE,FALSE,FALSE,FALSE,FALSE,103
1/15/1901,1,1,17,4,17,3,1,FALSE,FALSE,FALSE,FALSE,FALSE,FALSE,103
1/16/1901,1,1,18,5,18,3,1,FALSE,FALSE,FALSE,FALSE,FALSE,FALSE,103
1/17/1901,1,1,19,6,19,3,1,FALSE,FALSE,FALSE,FALSE,FALSE,FALSE,103
1/18/1901,1,1,20,0,20,4,1,FALSE,FALSE,FALSE,FALSE,FALSE,FALSE,104
1/19/1901,1,1,21,1,21,4,1,FALSE,FALSE,FALSE,FALSE,FALSE,FALSE,104
1/20/1901,1,1,22,2,22,4,1,FALSE,FALSE,FALSE,FALSE,FALSE,FALSE,104
1/21/1901,1,1,23,3,23,4,1,FALSE,FALSE,FALSE,FALSE,FALSE,FALSE,104
1/22/1901,1,1,24,4,24,4,1,FALSE,FALSE,FALSE,FALSE,FALSE,FALSE,104
1/23/1901,1,1,25,5,25,4,1,FALSE,FALSE,FALSE,FALSE,FALSE,FALSE,104
1/24/1901,1,1,26,6,26,4,1,FALSE,FALSE,FALSE,FALSE,FALSE,FALSE,104
1/25/1901,1,1,27,0,27,5,1,FALSE,FALSE,FALSE,FALSE,FALSE,FALSE,105
1/26/1901,1,1,28,1,28,5,1,FALSE,FALSE,FALSE,FALSE,FALSE,FALSE,105
1/27/1901,1,1,29,2,29,5,1,FALSE,FALSE,FALSE,FALSE,FALSE,FALSE,105
1/28/1901,1,1,30,3,30,5,1,FALSE,FALSE,FALSE,FALSE,FALSE,FALSE,105
1/29/1901,1,1,31,4,31,5,1,FALSE,TRUE,FALSE,FALSE,FALSE,FALSE,105
1/30/1901,1,2,1,5,32,5,1,TRUE,FALSE,FALSE,FALSE,FALSE,FALSE,105
1/31/1901,1,2,2,6,33,5,1,FALSE,FALSE,FALSE,FALSE,FALSE,FALSE,105
2/1/1901,1,2,3,0,34,6,1,FALSE,FALSE,FALSE,FALSE,FALSE,FALSE,106
2/2/1901,1,2,4,1,35,6,1,FALSE,FALSE,FALSE,FALSE,FALSE,FALSE,106
2/3/1901,1,2,5,2,36,6,1,FALSE,FALSE,FALSE,FALSE,FALSE,FALSE,106
2/4/1901,1,2,6,3,37,6,1,FALSE,FALSE,FALSE,FALSE,FALSE,FALSE,106
2/5/1901,1,2,7,4,38,6,1,FALSE,FALSE,FALSE,FALSE,FALSE,FALSE,106
2/6/1901,1,2,8,5,39,6,1,FALSE,FALSE,FALSE,FALSE,FALSE,FALSE,106
2/7/1901,1,2,9,6,40,6,1,FALSE,FALSE,FALSE,FALSE,FALSE,FALSE,106
2/8/1901,1,2,10,0,41,7,1,FALSE,FALSE,FALSE,FALSE,FALSE,FALSE,107
2/9/1901,1,2,11,1,42,7,1,FALSE,FALSE,FALSE,FALSE,FALSE,FALSE,107
2/10/1901,1,2,12,2,43,7,1,FALSE,FALSE,FALSE,FALSE,FALSE,FALSE,107
2/11/1901,1,2,13,3,44,7,1,FALSE,FALSE,FALSE,FALSE,FALSE,FALSE,107
2/12/1901,1,2,14,4,45,7,1,FALSE,FALSE,FALSE,FALSE,FALSE,FALSE,107
2/13/1901,1,2,15,5,46,7,1,FALSE,FALSE,FALSE,FALSE,FALSE,FALSE,107
2/14/1901,1,2,16,6,47,7,1,FALSE,FALSE,FALSE,FALSE,FALSE,FALSE,107
2/15/1901,1,2,17,0,48,8,1,FALSE,FALSE,FALSE,FALSE,FALSE,FALSE,108
2/16/1901,1,2,18,1,49,8,1,FALSE,FALSE,FALSE,FALSE,FALSE,FALSE,108
2/17/1901,1,2,19,2,50,8,1,FALSE,FALSE,FALSE,FALSE,FALSE,FALSE,108
2/18/1901,1,2,20,3,51,8,1,FALSE,FALSE,FALSE,FALSE,FALSE,FALSE,108
2/19/1901,1,2,21,4,52,8,1,FALSE,FALSE,FALSE,FALSE,FALSE,FALSE,108
2/20/1901,1,2,22,5,53,8,1,FALSE,FALSE,FALSE,FALSE,FALSE,FALSE,108
2/21/1901,1,2,23,6,54,8,1,FALSE,FALSE,FALSE,FALSE,FALSE,FALSE,108
2/22/1901,1,2,24,0,55,9,1,FALSE,FALSE,FALSE,FALSE,FALSE,FALSE,109
2/23/1901,1,2,25,1,56,9,1,FALSE,FALSE,FALSE,FALSE,FALSE,FALSE,109
2/24/1901,1,2,26,2,57,9,1,FALSE,FALSE,FALSE,FALSE,FALSE,FALSE,109
2/25/1901,1,2,27,3,58,9,1,FALSE,FALSE,FALSE,FALSE,FALSE,FALSE,109
2/26/1901,1,2,28,4,59,9,1,FALSE,TRUE,FALSE,FALSE,FALSE,FALSE,109
2/27/1901,1,3,1,5,60,9,1,TRUE,FALSE,FALSE,FALSE,FALSE,FALSE,109
2/28/1901,1,3,2,6,61,9,1,FALSE,FALSE,FALSE,FALSE,FALSE,FALSE,109
3/1/1901,1,3,3,0,62,10,1,FALSE,FALSE,FALSE,FALSE,FALSE,FALSE,110
3/2/1901,1,3,4,1,63,10,1,FALSE,FALSE,FALSE,FALSE,FALSE,FALSE,110
3/3/1901,1,3,5,2,64,10,1,FALSE,FALSE,FALSE,FALSE,FALSE,FALSE,110
3/4/1901,1,3,6,3,65,10,1,FALSE,FALSE,FALSE,FALSE,FALSE,FALSE,110
3/5/1901,1,3,7,4,66,10,1,FALSE,FALSE,FALSE,FALSE,FALSE,FALSE,110
3/6/1901,1,3,8,5,67,10,1,FALSE,FALSE,FALSE,FALSE,FALSE,FALSE,110
3/7/1901,1,3,9,6,68,10,1,FALSE,FALSE,FALSE,FALSE,FALSE,FALSE,110
3/8/1901,1,3,10,0,69,11,1,FALSE,FALSE,FALSE,FALSE,FALSE,FALSE,111
3/9/1901,1,3,11,1,70,11,1,FALSE,FALSE,FALSE,FALSE,FALSE,FALSE,111
3/10/1901,1,3,12,2,71,11,1,FALSE,FALSE,FALSE,FALSE,FALSE,FALSE,111
3/11/1901,1,3,13,3,72,11,1,FALSE,FALSE,FALSE,FALSE,FALSE,FALSE,111
3/12/1901,1,3,14,4,73,11,1,FALSE,FALSE,FALSE,FALSE,FALSE,FALSE,111
3/13/1901,1,3,15,5,74,11,1,FALSE,FALSE,FALSE,FALSE,FALSE,FALSE,111
3/14/1901,1,3,16,6,75,11,1,FALSE,FALSE,FALSE,FALSE,FALSE,FALSE,111
3/15/1901,1,3,17,0,76,12,1,FALSE,FALSE,FALSE,FALSE,FALSE,FALSE,112
3/16/1901,1,3,18,1,77,12,1,FALSE,FALSE,FALSE,FALSE,FALSE,FALSE,112
3/17/1901,1,3,19,2,78,12,1,FALSE,FALSE,FALSE,FALSE,FALSE,FALSE,112
3/18/1901,1,3,20,3,79,12,1,FALSE,FALSE,FALSE,FALSE,FALSE,FALSE,112
3/19/1901,1,3,21,4,80,12,1,FALSE,FALSE,FALSE,FALSE,FALSE,FALSE,112
3/20/1901,1,3,22,5,81,12,1,FALSE,FALSE,FALSE,FALSE,FALSE,FALSE,112
3/21/1901,1,3,23,6,82,12,1,FALSE,FALSE,FALSE,FALSE,FALSE,FALSE,112
3/22/1901,1,3,24,0,83,13,1,FALSE,FALSE,FALSE,FALSE,FALSE,FALSE,113
3/23/1901,1,3,25,1,84,13,1,FALSE,FALSE,FALSE,FALSE,FALSE,FALSE,113
3/24/1901,1,3,26,2,85,13,1,FALSE,FALSE,FALSE,FALSE,FALSE,FALSE,113
3/25/1901,1,3,27,3,86,13,1,FALSE,FALSE,FALSE,FALSE,FALSE,FALSE,113
3/26/1901,1,3,28,4,87,13,1,FALSE,FALSE,FALSE,FALSE,FALSE,FALSE,113
3/27/1901,1,3,29,5,88,13,1,FALSE,FALSE,FALSE,FALSE,FALSE,FALSE,113
3/28/1901,1,3,30,6,89,13,1,FALSE,FALSE,FALSE,FALSE,FALSE,FALSE,113
3/29/1901,1,3,31,0,90,14,1,FALSE,TRUE,FALSE,TRUE,FALSE,FALSE,114
3/30/1901,1,4,1,1,91,14,2,TRUE,FALSE,TRUE,FALSE,FALSE,FALSE,114
3/31/1901,1,4,2,2,92,14,2,FALSE,FALSE,FALSE,FALSE,FALSE,FALSE,114
4/1/1901,1,4,3,3,93,14,2,FALSE,FALSE,FALSE,FALSE,FALSE,FALSE,114
4/2/1901,1,4,4,4,94,14,2,FALSE,FALSE,FALSE,FALSE,FALSE,FALSE,114
4/3/1901,1,4,5,5,95,14,2,FALSE,FALSE,FALSE,FALSE,FALSE,FALSE,114
4/4/1901,1,4,6,6,96,14,2,FALSE,FALSE,FALSE,FALSE,FALSE,FALSE,114
4/5/1901,1,4,7,0,97,15,2,FALSE,FALSE,FALSE,FALSE,FALSE,FALSE,115
4/6/1901,1,4,8,1,98,15,2,FALSE,FALSE,FALSE,FALSE,FALSE,FALSE,115
4/7/1901,1,4,9,2,99,15,2,FALSE,FALSE,FALSE,FALSE,FALSE,FALSE,115
4/8/1901,1,4,10,3,100,15,2,FALSE,FALSE,FALSE,FALSE,FALSE,FALSE,115
4/9/1901,1,4,11,4,101,15,2,FALSE,FALSE,FALSE,FALSE,FALSE,FALSE,115
4/10/1901,1,4,12,5,102,15,2,FALSE,FALSE,FALSE,FALSE,FALSE,FALSE,115
4/11/1901,1,4,13,6,103,15,2,FALSE,FALSE,FALSE,FALSE,FALSE,FALSE,115
4/12/1901,1,4,14,0,104,16,2,FALSE,FALSE,FALSE,FALSE,FALSE,FALSE,116
4/13/1901,1,4,15,1,105,16,2,FALSE,FALSE,FALSE,FALSE,FALSE,FALSE,116
4/14/1901,1,4,16,2,106,16,2,FALSE,FALSE,FALSE,FALSE,FALSE,FALSE,116
4/15/1901,1,4,17,3,107,16,2,FALSE,FALSE,FALSE,FALSE,FALSE,FALSE,116
4/16/1901,1,4,18,4,108,16,2,FALSE,FALSE,FALSE,FALSE,FALSE,FALSE,116
4/17/1901,1,4,19,5,109,16,2,FALSE,FALSE,FALSE,FALSE,FALSE,FALSE,116
4/18/1901,1,4,20,6,110,16,2,FALSE,FALSE,FALSE,FALSE,FALSE,FALSE,116
4/19/1901,1,4,21,0,111,17,2,FALSE,FALSE,FALSE,FALSE,FALSE,FALSE,117
4/20/1901,1,4,22,1,112,17,2,FALSE,FALSE,FALSE,FALSE,FALSE,FALSE,117
4/21/1901,1,4,23,2,113,17,2,FALSE,FALSE,FALSE,FALSE,FALSE,FALSE,117
4/22/1901,1,4,24,3,114,17,2,FALSE,FALSE,FALSE,FALSE,FALSE,FALSE,117
4/23/1901,1,4,25,4,115,17,2,FALSE,FALSE,FALSE,FALSE,FALSE,FALSE,117
4/24/1901,1,4,26,5,116,17,2,FALSE,FALSE,FALSE,FALSE,FALSE,FALSE,117
4/25/1901,1,4,27,6,117,17,2,FALSE,FALSE,FALSE,FALSE,FALSE,FALSE,117
4/26/1901,1,4,28,0,118,18,2,FALSE,FALSE,FALSE,FALSE,FALSE,FALSE,118
4/27/1901,1,4,29,1,119,18,2,FALSE,FALSE,FALSE,FALSE,FALSE,FALSE,118
4/28/1901,1,4,30,2,120,18,2,FALSE,TRUE,FALSE,FALSE,FALSE,FALSE,118
4/29/1901,1,5,1,3,121,18,2,TRUE,FALSE,FALSE,FALSE,FALSE,FALSE,118
4/30/1901,1,5,2,4,122,18,2,FALSE,FALSE,FALSE,FALSE,FALSE,FALSE,118
5/1/1901,1,5,3,5,123,18,2,FALSE,FALSE,FALSE,FALSE,FALSE,FALSE,118
5/2/1901,1,5,4,6,124,18,2,FALSE,FALSE,FALSE,FALSE,FALSE,FALSE,118
5/3/1901,1,5,5,0,125,19,2,FALSE,FALSE,FALSE,FALSE,FALSE,FALSE,119
5/4/1901,1,5,6,1,126,19,2,FALSE,FALSE,FALSE,FALSE,FALSE,FALSE,119
5/5/1901,1,5,7,2,127,19,2,FALSE,FALSE,FALSE,FALSE,FALSE,FALSE,119
5/6/1901,1,5,8,3,128,19,2,FALSE,FALSE,FALSE,FALSE,FALSE,FALSE,119
5/7/1901,1,5,9,4,129,19,2,FALSE,FALSE,FALSE,FALSE,FALSE,FALSE,119
5/8/1901,1,5,10,5,130,19,2,FALSE,FALSE,FALSE,FALSE,FALSE,FALSE,119
5/9/1901,1,5,11,6,131,19,2,FALSE,FALSE,FALSE,FALSE,FALSE,FALSE,119
5/10/1901,1,5,12,0,132,20,2,FALSE,FALSE,FALSE,FALSE,FALSE,FALSE,120
5/11/1901,1,5,13,1,133,20,2,FALSE,FALSE,FALSE,FALSE,FALSE,FALSE,120
5/12/1901,1,5,14,2,134,20,2,FALSE,FALSE,FALSE,FALSE,FALSE,FALSE,120
5/13/1901,1,5,15,3,135,20,2,FALSE,FALSE,FALSE,FALSE,FALSE,FALSE,120
5/14/1901,1,5,16,4,136,20,2,FALSE,FALSE,FALSE,FALSE,FALSE,FALSE,120
5/15/1901,1,5,17,5,137,20,2,FALSE,FALSE,FALSE,FALSE,FALSE,FALSE,120
5/16/1901,1,5,18,6,138,20,2,FALSE,FALSE,FALSE,FALSE,FALSE,FALSE,120
5/17/1901,1,5,19,0,139,21,2,FALSE,FALSE,FALSE,FALSE,FALSE,FALSE,121
5/18/1901,1,5,20,1,140,21,2,FALSE,FALSE,FALSE,FALSE,FALSE,FALSE,121
5/19/1901,1,5,21,2,141,21,2,FALSE,FALSE,FALSE,FALSE,FALSE,FALSE,121
5/20/1901,1,5,22,3,142,21,2,FALSE,FALSE,FALSE,FALSE,FALSE,FALSE,121
5/21/1901,1,5,23,4,143,21,2,FALSE,FALSE,FALSE,FALSE,FALSE,FALSE,121
5/22/1901,1,5,24,5,144,21,2,FALSE,FALSE,FALSE,FALSE,FALSE,FALSE,121
5/23/1901,1,5,25,6,145,21,2,FALSE,FALSE,FALSE,FALSE,FALSE,FALSE,121
5/24/1901,1,5,26,0,146,22,2,FALSE,FALSE,FALSE,FALSE,FALSE,FALSE,122
5/25/1901,1,5,27,1,147,22,2,FALSE,FALSE,FALSE,FALSE,FALSE,FALSE,122
5/26/1901,1,5,28,2,148,22,2,FALSE,FALSE,FALSE,FALSE,FALSE,FALSE,122
5/27/1901,1,5,29,3,149,22,2,FALSE,FALSE,FALSE,FALSE,FALSE,FALSE,122
5/28/1901,1,5,30,4,150,22,2,FALSE,FALSE,FALSE,FALSE,FALSE,FALSE,122
5/29/1901,1,5,31,5,151,22,2,FALSE,TRUE,FALSE,FALSE,FALSE,FALSE,122
5/30/1901,1,6,1,6,152,22,2,TRUE,FALSE,FALSE,FALSE,FALSE,FALSE,122
5/31/1901,1,6,2,0,153,23,2,FALSE,FALSE,FALSE,FALSE,FALSE,FALSE,123
6/1/1901,1,6,3,1,154,23,2,FALSE,FALSE,FALSE,FALSE,FALSE,FALSE,123
6/2/1901,1,6,4,2,155,23,2,FALSE,FALSE,FALSE,FALSE,FALSE,FALSE,123
6/3/1901,1,6,5,3,156,23,2,FALSE,FALSE,FALSE,FALSE,FALSE,FALSE,123
6/4/1901,1,6,6,4,157,23,2,FALSE,FALSE,FALSE,FALSE,FALSE,FALSE,123
6/5/1901,1,6,7,5,158,23,2,FALSE,FALSE,FALSE,FALSE,FALSE,FALSE,123
6/6/1901,1,6,8,6,159,23,2,FALSE,FALSE,FALSE,FALSE,FALSE,FALSE,123
6/7/1901,1,6,9,0,160,24,2,FALSE,FALSE,FALSE,FALSE,FALSE,FALSE,124
6/8/1901,1,6,10,1,161,24,2,FALSE,FALSE,FALSE,FALSE,FALSE,FALSE,124
6/9/1901,1,6,11,2,162,24,2,FALSE,FALSE,FALSE,FALSE,FALSE,FALSE,124
6/10/1901,1,6,12,3,163,24,2,FALSE,FALSE,FALSE,FALSE,FALSE,FALSE,124
6/11/1901,1,6,13,4,164,24,2,FALSE,FALSE,FALSE,FALSE,FALSE,FALSE,124
6/12/1901,1,6,14,5,165,24,2,FALSE,FALSE,FALSE,FALSE,FALSE,FALSE,124
6/13/1901,1,6,15,6,166,24,2,FALSE,FALSE,FALSE,FALSE,FALSE,FALSE,124
6/14/1901,1,6,16,0,167,25,2,FALSE,FALSE,FALSE,FALSE,FALSE,FALSE,125
6/15/1901,1,6,17,1,168,25,2,FALSE,FALSE,FALSE,FALSE,FALSE,FALSE,125
6/16/1901,1,6,18,2,169,25,2,FALSE,FALSE,FALSE,FALSE,FALSE,FALSE,125
6/17/1901,1,6,19,3,170,25,2,FALSE,FALSE,FALSE,FALSE,FALSE,FALSE,125
6/18/1901,1,6,20,4,171,25,2,FALSE,FALSE,FALSE,FALSE,FALSE,FALSE,125
6/19/1901,1,6,21,5,172,25,2,FALSE,FALSE,FALSE,FALSE,FALSE,FALSE,125
6/20/1901,1,6,22,6,173,25,2,FALSE,FALSE,FALSE,FALSE,FALSE,FALSE,125
6/21/1901,1,6,23,0,174,26,2,FALSE,FALSE,FALSE,FALSE,FALSE,FALSE,126
6/22/1901,1,6,24,1,175,26,2,FALSE,FALSE,FALSE,FALSE,FALSE,FALSE,126
6/23/1901,1,6,25,2,176,26,2,FALSE,FALSE,FALSE,FALSE,FALSE,FALSE,126
6/24/1901,1,6,26,3,177,26,2,FALSE,FALSE,FALSE,FALSE,FALSE,FALSE,126
6/25/1901,1,6,27,4,178,26,2,FALSE,FALSE,FALSE,FALSE,FALSE,FALSE,126
6/26/1901,1,6,28,5,179,26,2,FALSE,FALSE,FALSE,FALSE,FALSE,FALSE,126
6/27/1901,1,6,29,6,180,26,2,FALSE,FALSE,FALSE,FALSE,FALSE,FALSE,126
6/28/1901,1,6,30,0,181,27,2,FALSE,TRUE,FALSE,TRUE,FALSE,FALSE,127
6/29/1901,1,7,1,1,182,27,3,TRUE,FALSE,TRUE,FALSE,FALSE,FALSE,127
6/30/1901,1,7,2,2,183,27,3,FALSE,FALSE,FALSE,FALSE,FALSE,FALSE,127
7/1/1901,1,7,3,3,184,27,3,FALSE,FALSE,FALSE,FALSE,FALSE,FALSE,127
7/2/1901,1,7,4,4,185,27,3,FALSE,FALSE,FALSE,FALSE,FALSE,FALSE,127
7/3/1901,1,7,5,5,186,27,3,FALSE,FALSE,FALSE,FALSE,FALSE,FALSE,127
7/4/1901,1,7,6,6,187,27,3,FALSE,FALSE,FALSE,FALSE,FALSE,FALSE,127
7/5/1901,1,7,7,0,188,28,3,FALSE,FALSE,FALSE,FALSE,FALSE,FALSE,128
7/6/1901,1,7,8,1,189,28,3,FALSE,FALSE,FALSE,FALSE,FALSE,FALSE,128
7/7/1901,1,7,9,2,190,28,3,FALSE,FALSE,FALSE,FALSE,FALSE,FALSE,128
7/8/1901,1,7,10,3,191,28,3,FALSE,FALSE,FALSE,FALSE,FALSE,FALSE,128
7/9/1901,1,7,11,4,192,28,3,FALSE,FALSE,FALSE,FALSE,FALSE,FALSE,128
7/10/1901,1,7,12,5,193,28,3,FALSE,FALSE,FALSE,FALSE,FALSE,FALSE,128
7/11/1901,1,7,13,6,194,28,3,FALSE,FALSE,FALSE,FALSE,FALSE,FALSE,128
7/12/1901,1,7,14,0,195,29,3,FALSE,FALSE,FALSE,FALSE,FALSE,FALSE,129
7/13/1901,1,7,15,1,196,29,3,FALSE,FALSE,FALSE,FALSE,FALSE,FALSE,129
7/14/1901,1,7,16,2,197,29,3,FALSE,FALSE,FALSE,FALSE,FALSE,FALSE,129
7/15/1901,1,7,17,3,198,29,3,FALSE,FALSE,FALSE,FALSE,FALSE,FALSE,129
7/16/1901,1,7,18,4,199,29,3,FALSE,FALSE,FALSE,FALSE,FALSE,FALSE,129
7/17/1901,1,7,19,5,200,29,3,FALSE,FALSE,FALSE,FALSE,FALSE,FALSE,129
7/18/1901,1,7,20,6,201,29,3,FALSE,FALSE,FALSE,FALSE,FALSE,FALSE,129
7/19/1901,1,7,21,0,202,30,3,FALSE,FALSE,FALSE,FALSE,FALSE,FALSE,130
7/20/1901,1,7,22,1,203,30,3,FALSE,FALSE,FALSE,FALSE,FALSE,FALSE,130
7/21/1901,1,7,23,2,204,30,3,FALSE,FALSE,FALSE,FALSE,FALSE,FALSE,130
7/22/1901,1,7,24,3,205,30,3,FALSE,FALSE,FALSE,FALSE,FALSE,FALSE,130
7/23/1901,1,7,25,4,206,30,3,FALSE,FALSE,FALSE,FALSE,FALSE,FALSE,130
7/24/1901,1,7,26,5,207,30,3,FALSE,FALSE,FALSE,FALSE,FALSE,FALSE,130
7/25/1901,1,7,27,6,208,30,3,FALSE,FALSE,FALSE,FALSE,FALSE,FALSE,130
7/26/1901,1,7,28,0,209,31,3,FALSE,FALSE,FALSE,FALSE,FALSE,FALSE,131
7/27/1901,1,7,29,1,210,31,3,FALSE,FALSE,FALSE,FALSE,FALSE,FALSE,131
7/28/1901,1,7,30,2,211,31,3,FALSE,FALSE,FALSE,FALSE,FALSE,FALSE,131
7/29/1901,1,7,31,3,212,31,3,FALSE,TRUE,FALSE,FALSE,FALSE,FALSE,131
7/30/1901,1,8,1,4,213,31,3,TRUE,FALSE,FALSE,FALSE,FALSE,FALSE,131
7/31/1901,1,8,2,5,214,31,3,FALSE,FALSE,FALSE,FALSE,FALSE,FALSE,131
8/1/1901,1,8,3,6,215,31,3,FALSE,FALSE,FALSE,FALSE,FALSE,FALSE,131
8/2/1901,1,8,4,0,216,32,3,FALSE,FALSE,FALSE,FALSE,FALSE,FALSE,132
8/3/1901,1,8,5,1,217,32,3,FALSE,FALSE,FALSE,FALSE,FALSE,FALSE,132
8/4/1901,1,8,6,2,218,32,3,FALSE,FALSE,FALSE,FALSE,FALSE,FALSE,132
8/5/1901,1,8,7,3,219,32,3,FALSE,FALSE,FALSE,FALSE,FALSE,FALSE,132
8/6/1901,1,8,8,4,220,32,3,FALSE,FALSE,FALSE,FALSE,FALSE,FALSE,132
8/7/1901,1,8,9,5,221,32,3,FALSE,FALSE,FALSE,FALSE,FALSE,FALSE,132
8/8/1901,1,8,10,6,222,32,3,FALSE,FALSE,FALSE,FALSE,FALSE,FALSE,132
8/9/1901,1,8,11,0,223,33,3,FALSE,FALSE,FALSE,FALSE,FALSE,FALSE,133
8/10/1901,1,8,12,1,224,33,3,FALSE,FALSE,FALSE,FALSE,FALSE,FALSE,133
8/11/1901,1,8,13,2,225,33,3,FALSE,FALSE,FALSE,FALSE,FALSE,FALSE,133
8/12/1901,1,8,14,3,226,33,3,FALSE,FALSE,FALSE,FALSE,FALSE,FALSE,133
8/13/1901,1,8,15,4,227,33,3,FALSE,FALSE,FALSE,FALSE,FALSE,FALSE,133
8/14/1901,1,8,16,5,228,33,3,FALSE,FALSE,FALSE,FALSE,FALSE,FALSE,133
8/15/1901,1,8,17,6,229,33,3,FALSE,FALSE,FALSE,FALSE,FALSE,FALSE,133
8/16/1901,1,8,18,0,230,34,3,FALSE,FALSE,FALSE,FALSE,FALSE,FALSE,134
8/17/1901,1,8,19,1,231,34,3,FALSE,FALSE,FALSE,FALSE,FALSE,FALSE,134
8/18/1901,1,8,20,2,232,34,3,FALSE,FALSE,FALSE,FALSE,FALSE,FALSE,134
8/19/1901,1,8,21,3,233,34,3,FALSE,FALSE,FALSE,FALSE,FALSE,FALSE,134
8/20/1901,1,8,22,4,234,34,3,FALSE,FALSE,FALSE,FALSE,FALSE,FALSE,134
8/21/1901,1,8,23,5,235,34,3,FALSE,FALSE,FALSE,FALSE,FALSE,FALSE,134
8/22/1901,1,8,24,6,236,34,3,FALSE,FALSE,FALSE,FALSE,FALSE,FALSE,134
8/23/1901,1,8,25,0,237,35,3,FALSE,FALSE,FALSE,FALSE,FALSE,FALSE,135
8/24/1901,1,8,26,1,238,35,3,FALSE,FALSE,FALSE,FALSE,FALSE,FALSE,135
8/25/1901,1,8,27,2,239,35,3,FALSE,FALSE,FALSE,FALSE,FALSE,FALSE,135
8/26/1901,1,8,28,3,240,35,3,FALSE,FALSE,FALSE,FALSE,FALSE,FALSE,135
8/27/1901,1,8,29,4,241,35,3,FALSE,FALSE,FALSE,FALSE,FALSE,FALSE,135
8/28/1901,1,8,30,5,242,35,3,FALSE,FALSE,FALSE,FALSE,FALSE,FALSE,135
8/29/1901,1,8,31,6,243,35,3,FALSE,TRUE,FALSE,FALSE,FALSE,FALSE,135
8/30/1901,1,9,1,0,244,36,3,TRUE,FALSE,FALSE,FALSE,FALSE,FALSE,136
8/31/1901,1,9,2,1,245,36,3,FALSE,FALSE,FALSE,FALSE,FALSE,FALSE,136
9/1/1901,1,9,3,2,246,36,3,FALSE,FALSE,FALSE,FALSE,FALSE,FALSE,136
9/2/1901,1,9,4,3,247,36,3,FALSE,FALSE,FALSE,FALSE,FALSE,FALSE,136
9/3/1901,1,9,5,4,248,36,3,FALSE,FALSE,FALSE,FALSE,FALSE,FALSE,136
9/4/1901,1,9,6,5,249,36,3,FALSE,FALSE,FALSE,FALSE,FALSE,FALSE,136
9/5/1901,1,9,7,6,250,36,3,FALSE,FALSE,FALSE,FALSE,FALSE,FALSE,136
9/6/1901,1,9,8,0,251,37,3,FALSE,FALSE,FALSE,FALSE,FALSE,FALSE,137
9/7/1901,1,9,9,1,252,37,3,FALSE,FALSE,FALSE,FALSE,FALSE,FALSE,137
9/8/1901,1,9,10,2,253,37,3,FALSE,FALSE,FALSE,FALSE,FALSE,FALSE,137
9/9/1901,1,9,11,3,254,37,3,FALSE,FALSE,FALSE,FALSE,FALSE,FALSE,137
9/10/1901,1,9,12,4,255,37,3,FALSE,FALSE,FALSE,FALSE,FALSE,FALSE,137
9/11/1901,1,9,13,5,256,37,3,FALSE,FALSE,FALSE,FALSE,FALSE,FALSE,137
9/12/1901,1,9,14,6,257,37,3,FALSE,FALSE,FALSE,FALSE,FALSE,FALSE,137
9/13/1901,1,9,15,0,258,38,3,FALSE,FALSE,FALSE,FALSE,FALSE,FALSE,138
9/14/1901,1,9,16,1,259,38,3,FALSE,FALSE,FALSE,FALSE,FALSE,FALSE,138
9/15/1901,1,9,17,2,260,38,3,FALSE,FALSE,FALSE,FALSE,FALSE,FALSE,138
9/16/1901,1,9,18,3,261,38,3,FALSE,FALSE,FALSE,FALSE,FALSE,FALSE,138
9/17/1901,1,9,19,4,262,38,3,FALSE,FALSE,FALSE,FALSE,FALSE,FALSE,138
9/18/1901,1,9,20,5,263,38,3,FALSE,FALSE,FALSE,FALSE,FALSE,FALSE,138
9/19/1901,1,9,21,6,264,38,3,FALSE,FALSE,FALSE,FALSE,FALSE,FALSE,138
9/20/1901,1,9,22,0,265,39,3,FALSE,FALSE,FALSE,FALSE,FALSE,FALSE,139
9/21/1901,1,9,23,1,266,39,3,FALSE,FALSE,FALSE,FALSE,FALSE,FALSE,139
9/22/1901,1,9,24,2,267,39,3,FALSE,FALSE,FALSE,FALSE,FALSE,FALSE,139
9/23/1901,1,9,25,3,268,39,3,FALSE,FALSE,FALSE,FALSE,FALSE,FALSE,139
9/24/1901,1,9,26,4,269,39,3,FALSE,FALSE,FALSE,FALSE,FALSE,FALSE,139
9/25/1901,1,9,27,5,270,39,3,FALSE,FALSE,FALSE,FALSE,FALSE,FALSE,139
9/26/1901,1,9,28,6,271,39,3,FALSE,FALSE,FALSE,FALSE,FALSE,FALSE,139
9/27/1901,1,9,29,0,272,40,3,FALSE,FALSE,FALSE,FALSE,FALSE,FALSE,140
9/28/1901,1,9,30,1,273,40,3,FALSE,TRUE,FALSE,TRUE,FALSE,FALSE,140
9/29/1901,1,10,1,2,274,40,4,TRUE,FALSE,TRUE,FALSE,FALSE,FALSE,140
9/30/1901,1,10,2,3,275,40,4,FALSE,FALSE,FALSE,FALSE,FALSE,FALSE,140
10/1/1901,1,10,3,4,276,40,4,FALSE,FALSE,FALSE,FALSE,FALSE,FALSE,140
10/2/1901,1,10,4,5,277,40,4,FALSE,FALSE,FALSE,FALSE,FALSE,FALSE,140
10/3/1901,1,10,5,6,278,40,4,FALSE,FALSE,FALSE,FALSE,FALSE,FALSE,140
10/4/1901,1,10,6,0,279,41,4,FALSE,FALSE,FALSE,FALSE,FALSE,FALSE,141
10/5/1901,1,10,7,1,280,41,4,FALSE,FALSE,FALSE,FALSE,FALSE,FALSE,141
10/6/1901,1,10,8,2,281,41,4,FALSE,FALSE,FALSE,FALSE,FALSE,FALSE,141
10/7/1901,1,10,9,3,282,41,4,FALSE,FALSE,FALSE,FALSE,FALSE,FALSE,141
10/8/1901,1,10,10,4,283,41,4,FALSE,FALSE,FALSE,FALSE,FALSE,FALSE,141
10/9/1901,1,10,11,5,284,41,4,FALSE,FALSE,FALSE,FALSE,FALSE,FALSE,141
10/10/1901,1,10,12,6,285,41,4,FALSE,FALSE,FALSE,FALSE,FALSE,FALSE,141
10/11/1901,1,10,13,0,286,42,4,FALSE,FALSE,FALSE,FALSE,FALSE,FALSE,142
10/12/1901,1,10,14,1,287,42,4,FALSE,FALSE,FALSE,FALSE,FALSE,FALSE,142
10/13/1901,1,10,15,2,288,42,4,FALSE,FALSE,FALSE,FALSE,FALSE,FALSE,142
10/14/1901,1,10,16,3,289,42,4,FALSE,FALSE,FALSE,FALSE,FALSE,FALSE,142
10/15/1901,1,10,17,4,290,42,4,FALSE,FALSE,FALSE,FALSE,FALSE,FALSE,142
10/16/1901,1,10,18,5,291,42,4,FALSE,FALSE,FALSE,FALSE,FALSE,FALSE,142
10/17/1901,1,10,19,6,292,42,4,FALSE,FALSE,FALSE,FALSE,FALSE,FALSE,142
10/18/1901,1,10,20,0,293,43,4,FALSE,FALSE,FALSE,FALSE,FALSE,FALSE,143
10/19/1901,1,10,21,1,294,43,4,FALSE,FALSE,FALSE,FALSE,FALSE,FALSE,143
10/20/1901,1,10,22,2,295,43,4,FALSE,FALSE,FALSE,FALSE,FALSE,FALSE,143
10/21/1901,1,10,23,3,296,43,4,FALSE,FALSE,FALSE,FALSE,FALSE,FALSE,143
10/22/1901,1,10,24,4,297,43,4,FALSE,FALSE,FALSE,FALSE,FALSE,FALSE,143
10/23/1901,1,10,25,5,298,43,4,FALSE,FALSE,FALSE,FALSE,FALSE,FALSE,143
10/24/1901,1,10,26,6,299,43,4,FALSE,FALSE,FALSE,FALSE,FALSE,FALSE,143
10/25/1901,1,10,27,0,300,44,4,FALSE,FALSE,FALSE,FALSE,FALSE,FALSE,144
10/26/1901,1,10,28,1,301,44,4,FALSE,FALSE,FALSE,FALSE,FALSE,FALSE,144
10/27/1901,1,10,29,2,302,44,4,FALSE,FALSE,FALSE,FALSE,FALSE,FALSE,144
10/28/1901,1,10,30,3,303,44,4,FALSE,FALSE,FALSE,FALSE,FALSE,FALSE,144
10/29/1901,1,10,31,4,304,44,4,FALSE,TRUE,FALSE,FALSE,FALSE,FALSE,144
10/30/1901,1,11,1,5,305,44,4,TRUE,FALSE,FALSE,FALSE,FALSE,FALSE,144
10/31/1901,1,11,2,6,306,44,4,FALSE,FALSE,FALSE,FALSE,FALSE,FALSE,144
11/1/1901,1,11,3,0,307,45,4,FALSE,FALSE,FALSE,FALSE,FALSE,FALSE,145
11/2/1901,1,11,4,1,308,45,4,FALSE,FALSE,FALSE,FALSE,FALSE,FALSE,145
11/3/1901,1,11,5,2,309,45,4,FALSE,FALSE,FALSE,FALSE,FALSE,FALSE,145
11/4/1901,1,11,6,3,310,45,4,FALSE,FALSE,FALSE,FALSE,FALSE,FALSE,145
11/5/1901,1,11,7,4,311,45,4,FALSE,FALSE,FALSE,FALSE,FALSE,FALSE,145
11/6/1901,1,11,8,5,312,45,4,FALSE,FALSE,FALSE,FALSE,FALSE,FALSE,145
11/7/1901,1,11,9,6,313,45,4,FALSE,FALSE,FALSE,FALSE,FALSE,FALSE,145
11/8/1901,1,11,10,0,314,46,4,FALSE,FALSE,FALSE,FALSE,FALSE,FALSE,146
11/9/1901,1,11,11,1,315,46,4,FALSE,FALSE,FALSE,FALSE,FALSE,FALSE,146
11/10/1901,1,11,12,2,316,46,4,FALSE,FALSE,FALSE,FALSE,FALSE,FALSE,146
11/11/1901,1,11,13,3,317,46,4,FALSE,FALSE,FALSE,FALSE,FALSE,FALSE,146
11/12/1901,1,11,14,4,318,46,4,FALSE,FALSE,FALSE,FALSE,FALSE,FALSE,146
11/13/1901,1,11,15,5,319,46,4,FALSE,FALSE,FALSE,FALSE,FALSE,FALSE,146
11/14/1901,1,11,16,6,320,46,4,FALSE,FALSE,FALSE,FALSE,FALSE,FALSE,146
11/15/1901,1,11,17,0,321,47,4,FALSE,FALSE,FALSE,FALSE,FALSE,FALSE,147
11/16/1901,1,11,18,1,322,47,4,FALSE,FALSE,FALSE,FALSE,FALSE,FALSE,147
11/17/1901,1,11,19,2,323,47,4,FALSE,FALSE,FALSE,FALSE,FALSE,FALSE,147
11/18/1901,1,11,20,3,324,47,4,FALSE,FALSE,FALSE,FALSE,FALSE,FALSE,147
11/19/1901,1,11,21,4,325,47,4,FALSE,FALSE,FALSE,FALSE,FALSE,FALSE,147
11/20/1901,1,11,22,5,326,47,4,FALSE,FALSE,FALSE,FALSE,FALSE,FALSE,147
11/21/1901,1,11,23,6,327,47,4,FALSE,FALSE,FALSE,FALSE,FALSE,FALSE,147
11/22/1901,1,11,24,0,328,48,4,FALSE,FALSE,FALSE,FALSE,FALSE,FALSE,148
11/23/1901,1,11,25,1,329,48,4,FALSE,FALSE,FALSE,FALSE,FALSE,FALSE,148
11/24/1901,1,11,26,2,330,48,4,FALSE,FALSE,FALSE,FALSE,FALSE,FALSE,148
11/25/1901,1,11,27,3,331,48,4,FALSE,FALSE,FALSE,FALSE,FALSE,FALSE,148
11/26/1901,1,11,28,4,332,48,4,FALSE,FALSE,FALSE,FALSE,FALSE,FALSE,148
11/27/1901,1,11,29,5,333,48,4,FALSE,FALSE,FALSE,FALSE,FALSE,FALSE,148
11/28/1901,1,11,30,6,334,48,4,FALSE,TRUE,FALSE,FALSE,FALSE,FALSE,148
11/29/1901,1,12,1,0,335,49,4,TRUE,FALSE,FALSE,FALSE,FALSE,FALSE,149
11/30/1901,1,12,2,1,336,49,4,FALSE,FALSE,FALSE,FALSE,FALSE,FALSE,149
12/1/1901,1,12,3,2,337,49,4,FALSE,FALSE,FALSE,FALSE,FALSE,FALSE,149
12/2/1901,1,12,4,3,338,49,4,FALSE,FALSE,FALSE,FALSE,FALSE,FALSE,149
12/3/1901,1,12,5,4,339,49,4,FALSE,FALSE,FALSE,FALSE,FALSE,FALSE,149
12/4/1901,1,12,6,5,340,49,4,FALSE,FALSE,FALSE,FALSE,FALSE,FALSE,149
12/5/1901,1,12,7,6,341,49,4,FALSE,FALSE,FALSE,FALSE,FALSE,FALSE,149
12/6/1901,1,12,8,0,342,50,4,FALSE,FALSE,FALSE,FALSE,FALSE,FALSE,150
12/7/1901,1,12,9,1,343,50,4,FALSE,FALSE,FALSE,FALSE,FALSE,FALSE,150
12/8/1901,1,12,10,2,344,50,4,FALSE,FALSE,FALSE,FALSE,FALSE,FALSE,150
12/9/1901,1,12,11,3,345,50,4,FALSE,FALSE,FALSE,FALSE,FALSE,FALSE,150
12/10/1901,1,12,12,4,346,50,4,FALSE,FALSE,FALSE,FALSE,FALSE,FALSE,150
12/11/1901,1,12,13,5,347,50,4,FALSE,FALSE,FALSE,FALSE,FALSE,FALSE,150
12/12/1901,1,12,14,6,348,50,4,FALSE,FALSE,FALSE,FALSE,FALSE,FALSE,150
12/13/1901,1,12,15,0,349,51,4,FALSE,FALSE,FALSE,FALSE,FALSE,FALSE,151
12/14/1901,1,12,16,1,350,51,4,FALSE,FALSE,FALSE,FALSE,FALSE,FALSE,151
12/15/1901,1,12,17,2,351,51,4,FALSE,FALSE,FALSE,FALSE,FALSE,FALSE,151
12/16/1901,1,12,18,3,352,51,4,FALSE,FALSE,FALSE,FALSE,FALSE,FALSE,151
12/17/1901,1,12,19,4,353,51,4,FALSE,FALSE,FALSE,FALSE,FALSE,FALSE,151
12/18/1901,1,12,20,5,354,51,4,FALSE,FALSE,FALSE,FALSE,FALSE,FALSE,151
12/19/1901,1,12,21,6,355,51,4,FALSE,FALSE,FALSE,FALSE,FALSE,FALSE,151
12/20/1901,1,12,22,0,356,52,4,FALSE,FALSE,FALSE,FALSE,FALSE,FALSE,152
12/21/1901,1,12,23,1,357,52,4,FALSE,FALSE,FALSE,FALSE,FALSE,FALSE,152
12/22/1901,1,12,24,2,358,52,4,FALSE,FALSE,FALSE,FALSE,FALSE,FALSE,152
12/23/1901,1,12,26,4,360,52,4,FALSE,FALSE,FALSE,FALSE,FALSE,FALSE,152
12/24/1901,1,12,27,5,361,52,4,FALSE,FALSE,FALSE,FALSE,FALSE,FALSE,152
12/25/1901,1,12,28,6,362,52,4,FALSE,FALSE,FALSE,FALSE,FALSE,FALSE,152
12/26/1901,1,12,29,0,363,1,4,FALSE,FALSE,FALSE,FALSE,FALSE,FALSE,101
12/27/1901,1,12,30,1,364,1,4,FALSE,FALSE,FALSE,FALSE,FALSE,FALSE,101
12/28/1901,1,12,31,2,365,1,4,FALSE,TRUE,FALSE,TRUE,FALSE,TRUE,101
12/29/1901,2,1,1,3,1,1,1,TRUE,FALSE,TRUE,FALSE,TRUE,FALSE,201
12/30/1901,2,1,2,4,2,1,1,FALSE,FALSE,FALSE,FALSE,FALSE,FALSE,201
12/31/1901,2,1,3,5,3,1,1,FALSE,FALSE,FALSE,FALSE,FALSE,FALSE,201
1/1/1902,2,1,4,6,4,1,1,FALSE,FALSE,FALSE,FALSE,FALSE,FALSE,201
1/2/1902,2,1,5,0,5,2,1,FALSE,FALSE,FALSE,FALSE,FALSE,FALSE,202
1/3/1902,2,1,6,1,6,2,1,FALSE,FALSE,FALSE,FALSE,FALSE,FALSE,202
1/4/1902,2,1,7,2,7,2,1,FALSE,FALSE,FALSE,FALSE,FALSE,FALSE,202
1/5/1902,2,1,8,3,8,2,1,FALSE,FALSE,FALSE,FALSE,FALSE,FALSE,202
1/6/1902,2,1,9,4,9,2,1,FALSE,FALSE,FALSE,FALSE,FALSE,FALSE,202
1/7/1902,2,1,10,5,10,2,1,FALSE,FALSE,FALSE,FALSE,FALSE,FALSE,202
1/8/1902,2,1,11,6,11,2,1,FALSE,FALSE,FALSE,FALSE,FALSE,FALSE,202
1/9/1902,2,1,12,0,12,3,1,FALSE,FALSE,FALSE,FALSE,FALSE,FALSE,203
1/10/1902,2,1,13,1,13,3,1,FALSE,FALSE,FALSE,FALSE,FALSE,FALSE,203
1/11/1902,2,1,14,2,14,3,1,FALSE,FALSE,FALSE,FALSE,FALSE,FALSE,203
1/12/1902,2,1,15,3,15,3,1,FALSE,FALSE,FALSE,FALSE,FALSE,FALSE,203
1/13/1902,2,1,16,4,16,3,1,FALSE,FALSE,FALSE,FALSE,FALSE,FALSE,203
1/14/1902,2,1,17,5,17,3,1,FALSE,FALSE,FALSE,FALSE,FALSE,FALSE,203
1/15/1902,2,1,18,6,18,3,1,FALSE,FALSE,FALSE,FALSE,FALSE,FALSE,203
1/16/1902,2,1,19,0,19,4,1,FALSE,FALSE,FALSE,FALSE,FALSE,FALSE,204
1/17/1902,2,1,20,1,20,4,1,FALSE,FALSE,FALSE,FALSE,FALSE,FALSE,204
1/18/1902,2,1,21,2,21,4,1,FALSE,FALSE,FALSE,FALSE,FALSE,FALSE,204
1/19/1902,2,1,22,3,22,4,1,FALSE,FALSE,FALSE,FALSE,FALSE,FALSE,204
1/20/1902,2,1,23,4,23,4,1,FALSE,FALSE,FALSE,FALSE,FALSE,FALSE,204
1/21/1902,2,1,24,5,24,4,1,FALSE,FALSE,FALSE,FALSE,FALSE,FALSE,204
1/22/1902,2,1,25,6,25,4,1,FALSE,FALSE,FALSE,FALSE,FALSE,FALSE,204
1/23/1902,2,1,26,0,26,5,1,FALSE,FALSE,FALSE,FALSE,FALSE,FALSE,205
1/24/1902,2,1,27,1,27,5,1,FALSE,FALSE,FALSE,FALSE,FALSE,FALSE,205
1/25/1902,2,1,28,2,28,5,1,FALSE,FALSE,FALSE,FALSE,FALSE,FALSE,205
1/26/1902,2,1,29,3,29,5,1,FALSE,FALSE,FALSE,FALSE,FALSE,FALSE,205
1/27/1902,2,1,30,4,30,5,1,FALSE,FALSE,FALSE,FALSE,FALSE,FALSE,205
1/28/1902,2,1,31,5,31,5,1,FALSE,TRUE,FALSE,FALSE,FALSE,FALSE,205
1/29/1902,2,2,1,6,32,5,1,TRUE,FALSE,FALSE,FALSE,FALSE,FALSE,205
1/30/1902,2,2,2,0,33,6,1,FALSE,FALSE,FALSE,FALSE,FALSE,FALSE,206
1/31/1902,2,2,3,1,34,6,1,FALSE,FALSE,FALSE,FALSE,FALSE,FALSE,206
2/1/1902,2,2,4,2,35,6,1,FALSE,FALSE,FALSE,FALSE,FALSE,FALSE,206
2/2/1902,2,2,5,3,36,6,1,FALSE,FALSE,FALSE,FALSE,FALSE,FALSE,206
2/3/1902,2,2,6,4,37,6,1,FALSE,FALSE,FALSE,FALSE,FALSE,FALSE,206
2/4/1902,2,2,7,5,38,6,1,FALSE,FALSE,FALSE,FALSE,FALSE,FALSE,206
2/5/1902,2,2,8,6,39,6,1,FALSE,FALSE,FALSE,FALSE,FALSE,FALSE,206
2/6/1902,2,2,9,0,40,7,1,FALSE,FALSE,FALSE,FALSE,FALSE,FALSE,207
2/7/1902,2,2,10,1,41,7,1,FALSE,FALSE,FALSE,FALSE,FALSE,FALSE,207
2/8/1902,2,2,11,2,42,7,1,FALSE,FALSE,FALSE,FALSE,FALSE,FALSE,207
2/9/1902,2,2,12,3,43,7,1,FALSE,FALSE,FALSE,FALSE,FALSE,FALSE,207
2/10/1902,2,2,13,4,44,7,1,FALSE,FALSE,FALSE,FALSE,FALSE,FALSE,207
2/11/1902,2,2,14,5,45,7,1,FALSE,FALSE,FALSE,FALSE,FALSE,FALSE,207
2/12/1902,2,2,15,6,46,7,1,FALSE,FALSE,FALSE,FALSE,FALSE,FALSE,207
2/13/1902,2,2,16,0,47,8,1,FALSE,FALSE,FALSE,FALSE,FALSE,FALSE,208
2/14/1902,2,2,17,1,48,8,1,FALSE,FALSE,FALSE,FALSE,FALSE,FALSE,208
2/15/1902,2,2,18,2,49,8,1,FALSE,FALSE,FALSE,FALSE,FALSE,FALSE,208
2/16/1902,2,2,19,3,50,8,1,FALSE,FALSE,FALSE,FALSE,FALSE,FALSE,208
2/17/1902,2,2,20,4,51,8,1,FALSE,FALSE,FALSE,FALSE,FALSE,FALSE,208
2/18/1902,2,2,21,5,52,8,1,FALSE,FALSE,FALSE,FALSE,FALSE,FALSE,208
2/19/1902,2,2,22,6,53,8,1,FALSE,FALSE,FALSE,FALSE,FALSE,FALSE,208
2/20/1902,2,2,23,0,54,9,1,FALSE,FALSE,FALSE,FALSE,FALSE,FALSE,209
2/21/1902,2,2,24,1,55,9,1,FALSE,FALSE,FALSE,FALSE,FALSE,FALSE,209
2/22/1902,2,2,25,2,56,9,1,FALSE,FALSE,FALSE,FALSE,FALSE,FALSE,209
2/23/1902,2,2,26,3,57,9,1,FALSE,FALSE,FALSE,FALSE,FALSE,FALSE,209
2/24/1902,2,2,27,4,58,9,1,FALSE,FALSE,FALSE,FALSE,FALSE,FALSE,209
2/25/1902,2,2,28,5,59,9,1,FALSE,TRUE,FALSE,FALSE,FALSE,FALSE,209
2/26/1902,2,3,1,6,60,9,1,TRUE,FALSE,FALSE,FALSE,FALSE,FALSE,209
2/27/1902,2,3,2,0,61,10,1,FALSE,FALSE,FALSE,FALSE,FALSE,FALSE,210
2/28/1902,2,3,3,1,62,10,1,FALSE,FALSE,FALSE,FALSE,FALSE,FALSE,210
3/1/1902,2,3,4,2,63,10,1,FALSE,FALSE,FALSE,FALSE,FALSE,FALSE,210
3/2/1902,2,3,5,3,64,10,1,FALSE,FALSE,FALSE,FALSE,FALSE,FALSE,210
3/3/1902,2,3,6,4,65,10,1,FALSE,FALSE,FALSE,FALSE,FALSE,FALSE,210
3/4/1902,2,3,7,5,66,10,1,FALSE,FALSE,FALSE,FALSE,FALSE,FALSE,210
3/5/1902,2,3,8,6,67,10,1,FALSE,FALSE,FALSE,FALSE,FALSE,FALSE,210
3/6/1902,2,3,9,0,68,11,1,FALSE,FALSE,FALSE,FALSE,FALSE,FALSE,211
3/7/1902,2,3,10,1,69,11,1,FALSE,FALSE,FALSE,FALSE,FALSE,FALSE,211
3/8/1902,2,3,11,2,70,11,1,FALSE,FALSE,FALSE,FALSE,FALSE,FALSE,211
3/9/1902,2,3,12,3,71,11,1,FALSE,FALSE,FALSE,FALSE,FALSE,FALSE,211
3/10/1902,2,3,13,4,72,11,1,FALSE,FALSE,FALSE,FALSE,FALSE,FALSE,211
3/11/1902,2,3,14,5,73,11,1,FALSE,FALSE,FALSE,FALSE,FALSE,FALSE,211
3/12/1902,2,3,15,6,74,11,1,FALSE,FALSE,FALSE,FALSE,FALSE,FALSE,211
3/13/1902,2,3,16,0,75,12,1,FALSE,FALSE,FALSE,FALSE,FALSE,FALSE,212
3/14/1902,2,3,17,1,76,12,1,FALSE,FALSE,FALSE,FALSE,FALSE,FALSE,212
3/15/1902,2,3,18,2,77,12,1,FALSE,FALSE,FALSE,FALSE,FALSE,FALSE,212
3/16/1902,2,3,19,3,78,12,1,FALSE,FALSE,FALSE,FALSE,FALSE,FALSE,212
3/17/1902,2,3,20,4,79,12,1,FALSE,FALSE,FALSE,FALSE,FALSE,FALSE,212
3/18/1902,2,3,21,5,80,12,1,FALSE,FALSE,FALSE,FALSE,FALSE,FALSE,212
3/19/1902,2,3,22,6,81,12,1,FALSE,FALSE,FALSE,FALSE,FALSE,FALSE,212
3/20/1902,2,3,23,0,82,13,1,FALSE,FALSE,FALSE,FALSE,FALSE,FALSE,213
3/21/1902,2,3,24,1,83,13,1,FALSE,FALSE,FALSE,FALSE,FALSE,FALSE,213
3/22/1902,2,3,25,2,84,13,1,FALSE,FALSE,FALSE,FALSE,FALSE,FALSE,213
3/23/1902,2,3,26,3,85,13,1,FALSE,FALSE,FALSE,FALSE,FALSE,FALSE,213
3/24/1902,2,3,27,4,86,13,1,FALSE,FALSE,FALSE,FALSE,FALSE,FALSE,213
3/25/1902,2,3,28,5,87,13,1,FALSE,FALSE,FALSE,FALSE,FALSE,FALSE,213
3/26/1902,2,3,29,6,88,13,1,FALSE,FALSE,FALSE,FALSE,FALSE,FALSE,213
3/27/1902,2,3,30,0,89,14,1,FALSE,FALSE,FALSE,FALSE,FALSE,FALSE,214
3/28/1902,2,3,31,1,90,14,1,FALSE,TRUE,FALSE,TRUE,FALSE,FALSE,214
3/29/1902,2,4,1,2,91,14,2,TRUE,FALSE,TRUE,FALSE,FALSE,FALSE,214
3/30/1902,2,4,2,3,92,14,2,FALSE,FALSE,FALSE,FALSE,FALSE,FALSE,214
3/31/1902,2,4,3,4,93,14,2,FALSE,FALSE,FALSE,FALSE,FALSE,FALSE,214
4/1/1902,2,4,4,5,94,14,2,FALSE,FALSE,FALSE,FALSE,FALSE,FALSE,214
4/2/1902,2,4,5,6,95,14,2,FALSE,FALSE,FALSE,FALSE,FALSE,FALSE,214
4/3/1902,2,4,6,0,96,15,2,FALSE,FALSE,FALSE,FALSE,FALSE,FALSE,215
4/4/1902,2,4,7,1,97,15,2,FALSE,FALSE,FALSE,FALSE,FALSE,FALSE,215
4/5/1902,2,4,8,2,98,15,2,FALSE,FALSE,FALSE,FALSE,FALSE,FALSE,215
4/6/1902,2,4,9,3,99,15,2,FALSE,FALSE,FALSE,FALSE,FALSE,FALSE,215
4/7/1902,2,4,10,4,100,15,2,FALSE,FALSE,FALSE,FALSE,FALSE,FALSE,215
4/8/1902,2,4,11,5,101,15,2,FALSE,FALSE,FALSE,FALSE,FALSE,FALSE,215
4/9/1902,2,4,12,6,102,15,2,FALSE,FALSE,FALSE,FALSE,FALSE,FALSE,215
4/10/1902,2,4,13,0,103,16,2,FALSE,FALSE,FALSE,FALSE,FALSE,FALSE,216
4/11/1902,2,4,14,1,104,16,2,FALSE,FALSE,FALSE,FALSE,FALSE,FALSE,216
4/12/1902,2,4,15,2,105,16,2,FALSE,FALSE,FALSE,FALSE,FALSE,FALSE,216
4/13/1902,2,4,16,3,106,16,2,FALSE,FALSE,FALSE,FALSE,FALSE,FALSE,216
4/14/1902,2,4,17,4,107,16,2,FALSE,FALSE,FALSE,FALSE,FALSE,FALSE,216
4/15/1902,2,4,18,5,108,16,2,FALSE,FALSE,FALSE,FALSE,FALSE,FALSE,216
4/16/1902,2,4,19,6,109,16,2,FALSE,FALSE,FALSE,FALSE,FALSE,FALSE,216
4/17/1902,2,4,20,0,110,17,2,FALSE,FALSE,FALSE,FALSE,FALSE,FALSE,217
4/18/1902,2,4,21,1,111,17,2,FALSE,FALSE,FALSE,FALSE,FALSE,FALSE,217
4/19/1902,2,4,22,2,112,17,2,FALSE,FALSE,FALSE,FALSE,FALSE,FALSE,217
4/20/1902,2,4,23,3,113,17,2,FALSE,FALSE,FALSE,FALSE,FALSE,FALSE,217
4/21/1902,2,4,24,4,114,17,2,FALSE,FALSE,FALSE,FALSE,FALSE,FALSE,217
4/22/1902,2,4,25,5,115,17,2,FALSE,FALSE,FALSE,FALSE,FALSE,FALSE,217
4/23/1902,2,4,26,6,116,17,2,FALSE,FALSE,FALSE,FALSE,FALSE,FALSE,217
4/24/1902,2,4,27,0,117,18,2,FALSE,FALSE,FALSE,FALSE,FALSE,FALSE,218
4/25/1902,2,4,28,1,118,18,2,FALSE,FALSE,FALSE,FALSE,FALSE,FALSE,218
4/26/1902,2,4,29,2,119,18,2,FALSE,FALSE,FALSE,FALSE,FALSE,FALSE,218
4/27/1902,2,4,30,3,120,18,2,FALSE,TRUE,FALSE,FALSE,FALSE,FALSE,218
4/28/1902,2,5,1,4,121,18,2,TRUE,FALSE,FALSE,FALSE,FALSE,FALSE,218
4/29/1902,2,5,2,5,122,18,2,FALSE,FALSE,FALSE,FALSE,FALSE,FALSE,218
4/30/1902,2,5,3,6,123,18,2,FALSE,FALSE,FALSE,FALSE,FALSE,FALSE,218
5/1/1902,2,5,4,0,124,19,2,FALSE,FALSE,FALSE,FALSE,FALSE,FALSE,219
5/2/1902,2,5,5,1,125,19,2,FALSE,FALSE,FALSE,FALSE,FALSE,FALSE,219
5/3/1902,2,5,6,2,126,19,2,FALSE,FALSE,FALSE,FALSE,FALSE,FALSE,219
5/4/1902,2,5,7,3,127,19,2,FALSE,FALSE,FALSE,FALSE,FALSE,FALSE,219
5/5/1902,2,5,8,4,128,19,2,FALSE,FALSE,FALSE,FALSE,FALSE,FALSE,219
5/6/1902,2,5,9,5,129,19,2,FALSE,FALSE,FALSE,FALSE,FALSE,FALSE,219
5/7/1902,2,5,10,6,130,19,2,FALSE,FALSE,FALSE,FALSE,FALSE,FALSE,219
5/8/1902,2,5,11,0,131,20,2,FALSE,FALSE,FALSE,FALSE,FALSE,FALSE,220
5/9/1902,2,5,12,1,132,20,2,FALSE,FALSE,FALSE,FALSE,FALSE,FALSE,220
5/10/1902,2,5,13,2,133,20,2,FALSE,FALSE,FALSE,FALSE,FALSE,FALSE,220
5/11/1902,2,5,14,3,134,20,2,FALSE,FALSE,FALSE,FALSE,FALSE,FALSE,220
5/12/1902,2,5,15,4,135,20,2,FALSE,FALSE,FALSE,FALSE,FALSE,FALSE,220
5/13/1902,2,5,16,5,136,20,2,FALSE,FALSE,FALSE,FALSE,FALSE,FALSE,220
5/14/1902,2,5,17,6,137,20,2,FALSE,FALSE,FALSE,FALSE,FALSE,FALSE,220
5/15/1902,2,5,18,0,138,21,2,FALSE,FALSE,FALSE,FALSE,FALSE,FALSE,221
5/16/1902,2,5,19,1,139,21,2,FALSE,FALSE,FALSE,FALSE,FALSE,FALSE,221
5/17/1902,2,5,20,2,140,21,2,FALSE,FALSE,FALSE,FALSE,FALSE,FALSE,221
5/18/1902,2,5,21,3,141,21,2,FALSE,FALSE,FALSE,FALSE,FALSE,FALSE,221
5/19/1902,2,5,22,4,142,21,2,FALSE,FALSE,FALSE,FALSE,FALSE,FALSE,221
5/20/1902,2,5,23,5,143,21,2,FALSE,FALSE,FALSE,FALSE,FALSE,FALSE,221
5/21/1902,2,5,24,6,144,21,2,FALSE,FALSE,FALSE,FALSE,FALSE,FALSE,221
5/22/1902,2,5,25,0,145,22,2,FALSE,FALSE,FALSE,FALSE,FALSE,FALSE,222
5/23/1902,2,5,26,1,146,22,2,FALSE,FALSE,FALSE,FALSE,FALSE,FALSE,222
5/24/1902,2,5,27,2,147,22,2,FALSE,FALSE,FALSE,FALSE,FALSE,FALSE,222
5/25/1902,2,5,28,3,148,22,2,FALSE,FALSE,FALSE,FALSE,FALSE,FALSE,222
5/26/1902,2,5,29,4,149,22,2,FALSE,FALSE,FALSE,FALSE,FALSE,FALSE,222
5/27/1902,2,5,30,5,150,22,2,FALSE,FALSE,FALSE,FALSE,FALSE,FALSE,222
5/28/1902,2,5,31,6,151,22,2,FALSE,TRUE,FALSE,FALSE,FALSE,FALSE,222
5/29/1902,2,6,1,0,152,23,2,TRUE,FALSE,FALSE,FALSE,FALSE,FALSE,223
5/30/1902,2,6,2,1,153,23,2,FALSE,FALSE,FALSE,FALSE,FALSE,FALSE,223
5/31/1902,2,6,3,2,154,23,2,FALSE,FALSE,FALSE,FALSE,FALSE,FALSE,223
6/1/1902,2,6,4,3,155,23,2,FALSE,FALSE,FALSE,FALSE,FALSE,FALSE,223
6/2/1902,2,6,5,4,156,23,2,FALSE,FALSE,FALSE,FALSE,FALSE,FALSE,223
6/3/1902,2,6,6,5,157,23,2,FALSE,FALSE,FALSE,FALSE,FALSE,FALSE,223
6/4/1902,2,6,7,6,158,23,2,FALSE,FALSE,FALSE,FALSE,FALSE,FALSE,223
6/5/1902,2,6,8,0,159,24,2,FALSE,FALSE,FALSE,FALSE,FALSE,FALSE,224
6/6/1902,2,6,9,1,160,24,2,FALSE,FALSE,FALSE,FALSE,FALSE,FALSE,224
6/7/1902,2,6,10,2,161,24,2,FALSE,FALSE,FALSE,FALSE,FALSE,FALSE,224
6/8/1902,2,6,11,3,162,24,2,FALSE,FALSE,FALSE,FALSE,FALSE,FALSE,224
6/9/1902,2,6,12,4,163,24,2,FALSE,FALSE,FALSE,FALSE,FALSE,FALSE,224
6/10/1902,2,6,13,5,164,24,2,FALSE,FALSE,FALSE,FALSE,FALSE,FALSE,224
6/11/1902,2,6,14,6,165,24,2,FALSE,FALSE,FALSE,FALSE,FALSE,FALSE,224
6/12/1902,2,6,15,0,166,25,2,FALSE,FALSE,FALSE,FALSE,FALSE,FALSE,225
6/13/1902,2,6,16,1,167,25,2,FALSE,FALSE,FALSE,FALSE,FALSE,FALSE,225
6/14/1902,2,6,17,2,168,25,2,FALSE,FALSE,FALSE,FALSE,FALSE,FALSE,225
6/15/1902,2,6,18,3,169,25,2,FALSE,FALSE,FALSE,FALSE,FALSE,FALSE,225
6/16/1902,2,6,19,4,170,25,2,FALSE,FALSE,FALSE,FALSE,FALSE,FALSE,225
6/17/1902,2,6,20,5,171,25,2,FALSE,FALSE,FALSE,FALSE,FALSE,FALSE,225
6/18/1902,2,6,21,6,172,25,2,FALSE,FALSE,FALSE,FALSE,FALSE,FALSE,225
6/19/1902,2,6,22,0,173,26,2,FALSE,FALSE,FALSE,FALSE,FALSE,FALSE,226
6/20/1902,2,6,23,1,174,26,2,FALSE,FALSE,FALSE,FALSE,FALSE,FALSE,226
6/21/1902,2,6,24,2,175,26,2,FALSE,FALSE,FALSE,FALSE,FALSE,FALSE,226
6/22/1902,2,6,25,3,176,26,2,FALSE,FALSE,FALSE,FALSE,FALSE,FALSE,226
6/23/1902,2,6,26,4,177,26,2,FALSE,FALSE,FALSE,FALSE,FALSE,FALSE,226
6/24/1902,2,6,27,5,178,26,2,FALSE,FALSE,FALSE,FALSE,FALSE,FALSE,226
6/25/1902,2,6,28,6,179,26,2,FALSE,FALSE,FALSE,FALSE,FALSE,FALSE,226
6/26/1902,2,6,29,0,180,27,2,FALSE,FALSE,FALSE,FALSE,FALSE,FALSE,227
6/27/1902,2,6,30,1,181,27,2,FALSE,TRUE,FALSE,TRUE,FALSE,FALSE,227
6/28/1902,2,7,1,2,182,27,3,TRUE,FALSE,TRUE,FALSE,FALSE,FALSE,227
6/29/1902,2,7,2,3,183,27,3,FALSE,FALSE,FALSE,FALSE,FALSE,FALSE,227
6/30/1902,2,7,3,4,184,27,3,FALSE,FALSE,FALSE,FALSE,FALSE,FALSE,227
7/1/1902,2,7,4,5,185,27,3,FALSE,FALSE,FALSE,FALSE,FALSE,FALSE,227
7/2/1902,2,7,5,6,186,27,3,FALSE,FALSE,FALSE,FALSE,FALSE,FALSE,227
7/3/1902,2,7,6,0,187,28,3,FALSE,FALSE,FALSE,FALSE,FALSE,FALSE,228
7/4/1902,2,7,7,1,188,28,3,FALSE,FALSE,FALSE,FALSE,FALSE,FALSE,228
7/5/1902,2,7,8,2,189,28,3,FALSE,FALSE,FALSE,FALSE,FALSE,FALSE,228
7/6/1902,2,7,9,3,190,28,3,FALSE,FALSE,FALSE,FALSE,FALSE,FALSE,228
7/7/1902,2,7,10,4,191,28,3,FALSE,FALSE,FALSE,FALSE,FALSE,FALSE,228
7/8/1902,2,7,11,5,192,28,3,FALSE,FALSE,FALSE,FALSE,FALSE,FALSE,228
7/9/1902,2,7,12,6,193,28,3,FALSE,FALSE,FALSE,FALSE,FALSE,FALSE,228
7/10/1902,2,7,13,0,194,29,3,FALSE,FALSE,FALSE,FALSE,FALSE,FALSE,229
7/11/1902,2,7,14,1,195,29,3,FALSE,FALSE,FALSE,FALSE,FALSE,FALSE,229
7/12/1902,2,7,15,2,196,29,3,FALSE,FALSE,FALSE,FALSE,FALSE,FALSE,229
7/13/1902,2,7,16,3,197,29,3,FALSE,FALSE,FALSE,FALSE,FALSE,FALSE,229
7/14/1902,2,7,17,4,198,29,3,FALSE,FALSE,FALSE,FALSE,FALSE,FALSE,229
7/15/1902,2,7,18,5,199,29,3,FALSE,FALSE,FALSE,FALSE,FALSE,FALSE,229
7/16/1902,2,7,19,6,200,29,3,FALSE,FALSE,FALSE,FALSE,FALSE,FALSE,229
7/17/1902,2,7,20,0,201,30,3,FALSE,FALSE,FALSE,FALSE,FALSE,FALSE,230
7/18/1902,2,7,21,1,202,30,3,FALSE,FALSE,FALSE,FALSE,FALSE,FALSE,230
7/19/1902,2,7,22,2,203,30,3,FALSE,FALSE,FALSE,FALSE,FALSE,FALSE,230
7/20/1902,2,7,23,3,204,30,3,FALSE,FALSE,FALSE,FALSE,FALSE,FALSE,230
7/21/1902,2,7,24,4,205,30,3,FALSE,FALSE,FALSE,FALSE,FALSE,FALSE,230
7/22/1902,2,7,25,5,206,30,3,FALSE,FALSE,FALSE,FALSE,FALSE,FALSE,230
7/23/1902,2,7,26,6,207,30,3,FALSE,FALSE,FALSE,FALSE,FALSE,FALSE,230
7/24/1902,2,7,27,0,208,31,3,FALSE,FALSE,FALSE,FALSE,FALSE,FALSE,231
7/25/1902,2,7,28,1,209,31,3,FALSE,FALSE,FALSE,FALSE,FALSE,FALSE,231
7/26/1902,2,7,29,2,210,31,3,FALSE,FALSE,FALSE,FALSE,FALSE,FALSE,231
7/27/1902,2,7,30,3,211,31,3,FALSE,FALSE,FALSE,FALSE,FALSE,FALSE,231
7/28/1902,2,7,31,4,212,31,3,FALSE,TRUE,FALSE,FALSE,FALSE,FALSE,231
7/29/1902,2,8,1,5,213,31,3,TRUE,FALSE,FALSE,FALSE,FALSE,FALSE,231
7/30/1902,2,8,2,6,214,31,3,FALSE,FALSE,FALSE,FALSE,FALSE,FALSE,231
7/31/1902,2,8,3,0,215,32,3,FALSE,FALSE,FALSE,FALSE,FALSE,FALSE,232
8/1/1902,2,8,4,1,216,32,3,FALSE,FALSE,FALSE,FALSE,FALSE,FALSE,232
8/2/1902,2,8,5,2,217,32,3,FALSE,FALSE,FALSE,FALSE,FALSE,FALSE,232
8/3/1902,2,8,6,3,218,32,3,FALSE,FALSE,FALSE,FALSE,FALSE,FALSE,232
8/4/1902,2,8,7,4,219,32,3,FALSE,FALSE,FALSE,FALSE,FALSE,FALSE,232
8/5/1902,2,8,8,5,220,32,3,FALSE,FALSE,FALSE,FALSE,FALSE,FALSE,232
8/6/1902,2,8,9,6,221,32,3,FALSE,FALSE,FALSE,FALSE,FALSE,FALSE,232
8/7/1902,2,8,10,0,222,33,3,FALSE,FALSE,FALSE,FALSE,FALSE,FALSE,233
8/8/1902,2,8,11,1,223,33,3,FALSE,FALSE,FALSE,FALSE,FALSE,FALSE,233
8/9/1902,2,8,12,2,224,33,3,FALSE,FALSE,FALSE,FALSE,FALSE,FALSE,233
8/10/1902,2,8,13,3,225,33,3,FALSE,FALSE,FALSE,FALSE,FALSE,FALSE,233
8/11/1902,2,8,14,4,226,33,3,FALSE,FALSE,FALSE,FALSE,FALSE,FALSE,233
8/12/1902,2,8,15,5,227,33,3,FALSE,FALSE,FALSE,FALSE,FALSE,FALSE,233
8/13/1902,2,8,16,6,228,33,3,FALSE,FALSE,FALSE,FALSE,FALSE,FALSE,233
8/14/1902,2,8,17,0,229,34,3,FALSE,FALSE,FALSE,FALSE,FALSE,FALSE,234
8/15/1902,2,8,18,1,230,34,3,FALSE,FALSE,FALSE,FALSE,FALSE,FALSE,234
8/16/1902,2,8,19,2,231,34,3,FALSE,FALSE,FALSE,FALSE,FALSE,FALSE,234
8/17/1902,2,8,20,3,232,34,3,FALSE,FALSE,FALSE,FALSE,FALSE,FALSE,234
8/18/1902,2,8,21,4,233,34,3,FALSE,FALSE,FALSE,FALSE,FALSE,FALSE,234
8/19/1902,2,8,22,5,234,34,3,FALSE,FALSE,FALSE,FALSE,FALSE,FALSE,234
8/20/1902,2,8,23,6,235,34,3,FALSE,FALSE,FALSE,FALSE,FALSE,FALSE,234
8/21/1902,2,8,24,0,236,35,3,FALSE,FALSE,FALSE,FALSE,FALSE,FALSE,235
8/22/1902,2,8,25,1,237,35,3,FALSE,FALSE,FALSE,FALSE,FALSE,FALSE,235
8/23/1902,2,8,26,2,238,35,3,FALSE,FALSE,FALSE,FALSE,FALSE,FALSE,235
8/24/1902,2,8,27,3,239,35,3,FALSE,FALSE,FALSE,FALSE,FALSE,FALSE,235
8/25/1902,2,8,28,4,240,35,3,FALSE,FALSE,FALSE,FALSE,FALSE,FALSE,235
8/26/1902,2,8,29,5,241,35,3,FALSE,FALSE,FALSE,FALSE,FALSE,FALSE,235
8/27/1902,2,8,30,6,242,35,3,FALSE,FALSE,FALSE,FALSE,FALSE,FALSE,235
8/28/1902,2,8,31,0,243,36,3,FALSE,TRUE,FALSE,FALSE,FALSE,FALSE,236
8/29/1902,2,9,1,1,244,36,3,TRUE,FALSE,FALSE,FALSE,FALSE,FALSE,236
8/30/1902,2,9,2,2,245,36,3,FALSE,FALSE,FALSE,FALSE,FALSE,FALSE,236
8/31/1902,2,9,3,3,246,36,3,FALSE,FALSE,FALSE,FALSE,FALSE,FALSE,236
9/1/1902,2,9,4,4,247,36,3,FALSE,FALSE,FALSE,FALSE,FALSE,FALSE,236
9/2/1902,2,9,5,5,248,36,3,FALSE,FALSE,FALSE,FALSE,FALSE,FALSE,236
9/3/1902,2,9,6,6,249,36,3,FALSE,FALSE,FALSE,FALSE,FALSE,FALSE,236
9/4/1902,2,9,7,0,250,37,3,FALSE,FALSE,FALSE,FALSE,FALSE,FALSE,237
9/5/1902,2,9,8,1,251,37,3,FALSE,FALSE,FALSE,FALSE,FALSE,FALSE,237
9/6/1902,2,9,9,2,252,37,3,FALSE,FALSE,FALSE,FALSE,FALSE,FALSE,237
9/7/1902,2,9,10,3,253,37,3,FALSE,FALSE,FALSE,FALSE,FALSE,FALSE,237
9/8/1902,2,9,11,4,254,37,3,FALSE,FALSE,FALSE,FALSE,FALSE,FALSE,237
9/9/1902,2,9,12,5,255,37,3,FALSE,FALSE,FALSE,FALSE,FALSE,FALSE,237
9/10/1902,2,9,13,6,256,37,3,FALSE,FALSE,FALSE,FALSE,FALSE,FALSE,237
9/11/1902,2,9,14,0,257,38,3,FALSE,FALSE,FALSE,FALSE,FALSE,FALSE,238
9/12/1902,2,9,15,1,258,38,3,FALSE,FALSE,FALSE,FALSE,FALSE,FALSE,238
9/13/1902,2,9,16,2,259,38,3,FALSE,FALSE,FALSE,FALSE,FALSE,FALSE,238
9/14/1902,2,9,17,3,260,38,3,FALSE,FALSE,FALSE,FALSE,FALSE,FALSE,238
9/15/1902,2,9,18,4,261,38,3,FALSE,FALSE,FALSE,FALSE,FALSE,FALSE,238
9/16/1902,2,9,19,5,262,38,3,FALSE,FALSE,FALSE,FALSE,FALSE,FALSE,238
9/17/1902,2,9,20,6,263,38,3,FALSE,FALSE,FALSE,FALSE,FALSE,FALSE,238
9/18/1902,2,9,21,0,264,39,3,FALSE,FALSE,FALSE,FALSE,FALSE,FALSE,239
9/19/1902,2,9,22,1,265,39,3,FALSE,FALSE,FALSE,FALSE,FALSE,FALSE,239
9/20/1902,2,9,23,2,266,39,3,FALSE,FALSE,FALSE,FALSE,FALSE,FALSE,239
9/21/1902,2,9,24,3,267,39,3,FALSE,FALSE,FALSE,FALSE,FALSE,FALSE,239
9/22/1902,2,9,25,4,268,39,3,FALSE,FALSE,FALSE,FALSE,FALSE,FALSE,239
9/23/1902,2,9,26,5,269,39,3,FALSE,FALSE,FALSE,FALSE,FALSE,FALSE,239
9/24/1902,2,9,27,6,270,39,3,FALSE,FALSE,FALSE,FALSE,FALSE,FALSE,239
9/25/1902,2,9,28,0,271,40,3,FALSE,FALSE,FALSE,FALSE,FALSE,FALSE,240
9/26/1902,2,9,29,1,272,40,3,FALSE,FALSE,FALSE,FALSE,FALSE,FALSE,240
9/27/1902,2,9,30,2,273,40,3,FALSE,TRUE,FALSE,TRUE,FALSE,FALSE,240
9/28/1902,2,10,1,3,274,40,4,TRUE,FALSE,TRUE,FALSE,FALSE,FALSE,240
9/29/1902,2,10,2,4,275,40,4,FALSE,FALSE,FALSE,FALSE,FALSE,FALSE,240
9/30/1902,2,10,3,5,276,40,4,FALSE,FALSE,FALSE,FALSE,FALSE,FALSE,240
10/1/1902,2,10,4,6,277,40,4,FALSE,FALSE,FALSE,FALSE,FALSE,FALSE,240
10/2/1902,2,10,5,0,278,41,4,FALSE,FALSE,FALSE,FALSE,FALSE,FALSE,241
10/3/1902,2,10,6,1,279,41,4,FALSE,FALSE,FALSE,FALSE,FALSE,FALSE,241
10/4/1902,2,10,7,2,280,41,4,FALSE,FALSE,FALSE,FALSE,FALSE,FALSE,241
10/5/1902,2,10,8,3,281,41,4,FALSE,FALSE,FALSE,FALSE,FALSE,FALSE,241
10/6/1902,2,10,9,4,282,41,4,FALSE,FALSE,FALSE,FALSE,FALSE,FALSE,241
10/7/1902,2,10,10,5,283,41,4,FALSE,FALSE,FALSE,FALSE,FALSE,FALSE,241
10/8/1902,2,10,11,6,284,41,4,FALSE,FALSE,FALSE,FALSE,FALSE,FALSE,241
10/9/1902,2,10,12,0,285,42,4,FALSE,FALSE,FALSE,FALSE,FALSE,FALSE,242
10/10/1902,2,10,13,1,286,42,4,FALSE,FALSE,FALSE,FALSE,FALSE,FALSE,242
10/11/1902,2,10,14,2,287,42,4,FALSE,FALSE,FALSE,FALSE,FALSE,FALSE,242
10/12/1902,2,10,15,3,288,42,4,FALSE,FALSE,FALSE,FALSE,FALSE,FALSE,242
10/13/1902,2,10,16,4,289,42,4,FALSE,FALSE,FALSE,FALSE,FALSE,FALSE,242
10/14/1902,2,10,17,5,290,42,4,FALSE,FALSE,FALSE,FALSE,FALSE,FALSE,242
10/15/1902,2,10,18,6,291,42,4,FALSE,FALSE,FALSE,FALSE,FALSE,FALSE,242
10/16/1902,2,10,19,0,292,43,4,FALSE,FALSE,FALSE,FALSE,FALSE,FALSE,243
10/17/1902,2,10,20,1,293,43,4,FALSE,FALSE,FALSE,FALSE,FALSE,FALSE,243
10/18/1902,2,10,21,2,294,43,4,FALSE,FALSE,FALSE,FALSE,FALSE,FALSE,243
10/19/1902,2,10,22,3,295,43,4,FALSE,FALSE,FALSE,FALSE,FALSE,FALSE,243
10/20/1902,2,10,23,4,296,43,4,FALSE,FALSE,FALSE,FALSE,FALSE,FALSE,243
10/21/1902,2,10,24,5,297,43,4,FALSE,FALSE,FALSE,FALSE,FALSE,FALSE,243
10/22/1902,2,10,25,6,298,43,4,FALSE,FALSE,FALSE,FALSE,FALSE,FALSE,243
10/23/1902,2,10,26,0,299,44,4,FALSE,FALSE,FALSE,FALSE,FALSE,FALSE,244
10/24/1902,2,10,27,1,300,44,4,FALSE,FALSE,FALSE,FALSE,FALSE,FALSE,244
10/25/1902,2,10,28,2,301,44,4,FALSE,FALSE,FALSE,FALSE,FALSE,FALSE,244
10/26/1902,2,10,29,3,302,44,4,FALSE,FALSE,FALSE,FALSE,FALSE,FALSE,244
10/27/1902,2,10,30,4,303,44,4,FALSE,FALSE,FALSE,FALSE,FALSE,FALSE,244
10/28/1902,2,10,31,5,304,44,4,FALSE,TRUE,FALSE,FALSE,FALSE,FALSE,244
10/29/1902,2,11,1,6,305,44,4,TRUE,FALSE,FALSE,FALSE,FALSE,FALSE,244
10/30/1902,2,11,2,0,306,45,4,FALSE,FALSE,FALSE,FALSE,FALSE,FALSE,245
10/31/1902,2,11,3,1,307,45,4,FALSE,FALSE,FALSE,FALSE,FALSE,FALSE,245
11/1/1902,2,11,4,2,308,45,4,FALSE,FALSE,FALSE,FALSE,FALSE,FALSE,245
11/2/1902,2,11,5,3,309,45,4,FALSE,FALSE,FALSE,FALSE,FALSE,FALSE,245
11/3/1902,2,11,6,4,310,45,4,FALSE,FALSE,FALSE,FALSE,FALSE,FALSE,245
11/4/1902,2,11,7,5,311,45,4,FALSE,FALSE,FALSE,FALSE,FALSE,FALSE,245
11/5/1902,2,11,8,6,312,45,4,FALSE,FALSE,FALSE,FALSE,FALSE,FALSE,245
11/6/1902,2,11,9,0,313,46,4,FALSE,FALSE,FALSE,FALSE,FALSE,FALSE,246
11/7/1902,2,11,10,1,314,46,4,FALSE,FALSE,FALSE,FALSE,FALSE,FALSE,246
11/8/1902,2,11,11,2,315,46,4,FALSE,FALSE,FALSE,FALSE,FALSE,FALSE,246
11/9/1902,2,11,12,3,316,46,4,FALSE,FALSE,FALSE,FALSE,FALSE,FALSE,246
11/10/1902,2,11,13,4,317,46,4,FALSE,FALSE,FALSE,FALSE,FALSE,FALSE,246
11/11/1902,2,11,14,5,318,46,4,FALSE,FALSE,FALSE,FALSE,FALSE,FALSE,246
11/12/1902,2,11,15,6,319,46,4,FALSE,FALSE,FALSE,FALSE,FALSE,FALSE,246
11/13/1902,2,11,16,0,320,47,4,FALSE,FALSE,FALSE,FALSE,FALSE,FALSE,247
11/14/1902,2,11,17,1,321,47,4,FALSE,FALSE,FALSE,FALSE,FALSE,FALSE,247
11/15/1902,2,11,18,2,322,47,4,FALSE,FALSE,FALSE,FALSE,FALSE,FALSE,247
11/16/1902,2,11,19,3,323,47,4,FALSE,FALSE,FALSE,FALSE,FALSE,FALSE,247
11/17/1902,2,11,20,4,324,47,4,FALSE,FALSE,FALSE,FALSE,FALSE,FALSE,247
11/18/1902,2,11,21,5,325,47,4,FALSE,FALSE,FALSE,FALSE,FALSE,FALSE,247
11/19/1902,2,11,22,6,326,47,4,FALSE,FALSE,FALSE,FALSE,FALSE,FALSE,247
11/20/1902,2,11,23,0,327,48,4,FALSE,FALSE,FALSE,FALSE,FALSE,FALSE,248
11/21/1902,2,11,24,1,328,48,4,FALSE,FALSE,FALSE,FALSE,FALSE,FALSE,248
11/22/1902,2,11,25,2,329,48,4,FALSE,FALSE,FALSE,FALSE,FALSE,FALSE,248
11/23/1902,2,11,26,3,330,48,4,FALSE,FALSE,FALSE,FALSE,FALSE,FALSE,248
11/24/1902,2,11,27,4,331,48,4,FALSE,FALSE,FALSE,FALSE,FALSE,FALSE,248
11/25/1902,2,11,28,5,332,48,4,FALSE,FALSE,FALSE,FALSE,FALSE,FALSE,248
11/26/1902,2,11,29,6,333,48,4,FALSE,FALSE,FALSE,FALSE,FALSE,FALSE,248
11/27/1902,2,11,30,0,334,49,4,FALSE,TRUE,FALSE,FALSE,FALSE,FALSE,249
11/28/1902,2,12,1,1,335,49,4,TRUE,FALSE,FALSE,FALSE,FALSE,FALSE,249
11/29/1902,2,12,2,2,336,49,4,FALSE,FALSE,FALSE,FALSE,FALSE,FALSE,249
11/30/1902,2,12,3,3,337,49,4,FALSE,FALSE,FALSE,FALSE,FALSE,FALSE,249
12/1/1902,2,12,4,4,338,49,4,FALSE,FALSE,FALSE,FALSE,FALSE,FALSE,249
12/2/1902,2,12,5,5,339,49,4,FALSE,FALSE,FALSE,FALSE,FALSE,FALSE,249
12/3/1902,2,12,6,6,340,49,4,FALSE,FALSE,FALSE,FALSE,FALSE,FALSE,249
12/4/1902,2,12,7,0,341,50,4,FALSE,FALSE,FALSE,FALSE,FALSE,FALSE,250
12/5/1902,2,12,8,1,342,50,4,FALSE,FALSE,FALSE,FALSE,FALSE,FALSE,250
12/6/1902,2,12,9,2,343,50,4,FALSE,FALSE,FALSE,FALSE,FALSE,FALSE,250
12/7/1902,2,12,10,3,344,50,4,FALSE,FALSE,FALSE,FALSE,FALSE,FALSE,250
12/8/1902,2,12,11,4,345,50,4,FALSE,FALSE,FALSE,FALSE,FALSE,FALSE,250
12/9/1902,2,12,12,5,346,50,4,FALSE,FALSE,FALSE,FALSE,FALSE,FALSE,250
12/10/1902,2,12,13,6,347,50,4,FALSE,FALSE,FALSE,FALSE,FALSE,FALSE,250
12/11/1902,2,12,14,0,348,51,4,FALSE,FALSE,FALSE,FALSE,FALSE,FALSE,251
12/12/1902,2,12,15,1,349,51,4,FALSE,FALSE,FALSE,FALSE,FALSE,FALSE,251
12/13/1902,2,12,16,2,350,51,4,FALSE,FALSE,FALSE,FALSE,FALSE,FALSE,251
12/14/1902,2,12,17,3,351,51,4,FALSE,FALSE,FALSE,FALSE,FALSE,FALSE,251
12/15/1902,2,12,18,4,352,51,4,FALSE,FALSE,FALSE,FALSE,FALSE,FALSE,251
12/16/1902,2,12,19,5,353,51,4,FALSE,FALSE,FALSE,FALSE,FALSE,FALSE,251
12/17/1902,2,12,20,6,354,51,4,FALSE,FALSE,FALSE,FALSE,FALSE,FALSE,251
12/18/1902,2,12,21,0,355,52,4,FALSE,FALSE,FALSE,FALSE,FALSE,FALSE,252
12/19/1902,2,12,22,1,356,52,4,FALSE,FALSE,FALSE,FALSE,FALSE,FALSE,252
12/20/1902,2,12,23,2,357,52,4,FALSE,FALSE,FALSE,FALSE,FALSE,FALSE,252
12/21/1902,2,12,24,3,358,52,4,FALSE,FALSE,FALSE,FALSE,FALSE,FALSE,252
12/22/1902,2,12,26,5,360,52,4,FALSE,FALSE,FALSE,FALSE,FALSE,FALSE,252
12/23/1902,2,12,27,6,361,52,4,FALSE,FALSE,FALSE,FALSE,FALSE,FALSE,252
12/24/1902,2,12,28,0,362,53,4,FALSE,FALSE,FALSE,FALSE,FALSE,FALSE,253
12/25/1902,2,12,29,1,363,53,4,FALSE,FALSE,FALSE,FALSE,FALSE,FALSE,253
12/26/1902,2,12,30,2,364,53,4,FALSE,FALSE,FALSE,FALSE,FALSE,FALSE,253
12/27/1902,2,12,31,3,365,53,4,FALSE,TRUE,FALSE,TRUE,FALSE,TRUE,253
12/28/1902,3,1,1,4,1,53,1,TRUE,FALSE,TRUE,FALSE,TRUE,FALSE,253
12/29/1902,3,1,2,5,2,53,1,FALSE,FALSE,FALSE,FALSE,FALSE,FALSE,253
12/30/1902,3,1,3,6,3,53,1,FALSE,FALSE,FALSE,FALSE,FALSE,FALSE,253
12/31/1902,3,1,4,0,4,1,1,FALSE,FALSE,FALSE,FALSE,FALSE,FALSE,301
1/1/1903,3,1,5,1,5,1,1,FALSE,FALSE,FALSE,FALSE,FALSE,FALSE,301
1/2/1903,3,1,6,2,6,1,1,FALSE,FALSE,FALSE,FALSE,FALSE,FALSE,301
1/3/1903,3,1,7,3,7,1,1,FALSE,FALSE,FALSE,FALSE,FALSE,FALSE,301
1/4/1903,3,1,8,4,8,1,1,FALSE,FALSE,FALSE,FALSE,FALSE,FALSE,301
1/5/1903,3,1,9,5,9,1,1,FALSE,FALSE,FALSE,FALSE,FALSE,FALSE,301
1/6/1903,3,1,10,6,10,1,1,FALSE,FALSE,FALSE,FALSE,FALSE,FALSE,301
1/7/1903,3,1,11,0,11,2,1,FALSE,FALSE,FALSE,FALSE,FALSE,FALSE,302
1/8/1903,3,1,12,1,12,2,1,FALSE,FALSE,FALSE,FALSE,FALSE,FALSE,302
1/9/1903,3,1,13,2,13,2,1,FALSE,FALSE,FALSE,FALSE,FALSE,FALSE,302
1/10/1903,3,1,14,3,14,2,1,FALSE,FALSE,FALSE,FALSE,FALSE,FALSE,302
1/11/1903,3,1,15,4,15,2,1,FALSE,FALSE,FALSE,FALSE,FALSE,FALSE,302
1/12/1903,3,1,16,5,16,2,1,FALSE,FALSE,FALSE,FALSE,FALSE,FALSE,302
1/13/1903,3,1,17,6,17,2,1,FALSE,FALSE,FALSE,FALSE,FALSE,FALSE,302
1/14/1903,3,1,18,0,18,3,1,FALSE,FALSE,FALSE,FALSE,FALSE,FALSE,303
1/15/1903,3,1,19,1,19,3,1,FALSE,FALSE,FALSE,FALSE,FALSE,FALSE,303
1/16/1903,3,1,20,2,20,3,1,FALSE,FALSE,FALSE,FALSE,FALSE,FALSE,303
1/17/1903,3,1,21,3,21,3,1,FALSE,FALSE,FALSE,FALSE,FALSE,FALSE,303
1/18/1903,3,1,22,4,22,3,1,FALSE,FALSE,FALSE,FALSE,FALSE,FALSE,303
1/19/1903,3,1,23,5,23,3,1,FALSE,FALSE,FALSE,FALSE,FALSE,FALSE,303
1/20/1903,3,1,24,6,24,3,1,FALSE,FALSE,FALSE,FALSE,FALSE,FALSE,303
1/21/1903,3,1,25,0,25,4,1,FALSE,FALSE,FALSE,FALSE,FALSE,FALSE,304
1/22/1903,3,1,26,1,26,4,1,FALSE,FALSE,FALSE,FALSE,FALSE,FALSE,304
1/23/1903,3,1,27,2,27,4,1,FALSE,FALSE,FALSE,FALSE,FALSE,FALSE,304
1/24/1903,3,1,28,3,28,4,1,FALSE,FALSE,FALSE,FALSE,FALSE,FALSE,304
1/25/1903,3,1,29,4,29,4,1,FALSE,FALSE,FALSE,FALSE,FALSE,FALSE,304
1/26/1903,3,1,30,5,30,4,1,FALSE,FALSE,FALSE,FALSE,FALSE,FALSE,304
1/27/1903,3,1,31,6,31,4,1,FALSE,TRUE,FALSE,FALSE,FALSE,FALSE,304
1/28/1903,3,2,1,0,32,5,1,TRUE,FALSE,FALSE,FALSE,FALSE,FALSE,305
1/29/1903,3,2,2,1,33,5,1,FALSE,FALSE,FALSE,FALSE,FALSE,FALSE,305
1/30/1903,3,2,3,2,34,5,1,FALSE,FALSE,FALSE,FALSE,FALSE,FALSE,305
1/31/1903,3,2,4,3,35,5,1,FALSE,FALSE,FALSE,FALSE,FALSE,FALSE,305
2/1/1903,3,2,5,4,36,5,1,FALSE,FALSE,FALSE,FALSE,FALSE,FALSE,305
2/2/1903,3,2,6,5,37,5,1,FALSE,FALSE,FALSE,FALSE,FALSE,FALSE,305
2/3/1903,3,2,7,6,38,5,1,FALSE,FALSE,FALSE,FALSE,FALSE,FALSE,305
2/4/1903,3,2,8,0,39,6,1,FALSE,FALSE,FALSE,FALSE,FALSE,FALSE,306
2/5/1903,3,2,9,1,40,6,1,FALSE,FALSE,FALSE,FALSE,FALSE,FALSE,306
2/6/1903,3,2,10,2,41,6,1,FALSE,FALSE,FALSE,FALSE,FALSE,FALSE,306
2/7/1903,3,2,11,3,42,6,1,FALSE,FALSE,FALSE,FALSE,FALSE,FALSE,306
2/8/1903,3,2,12,4,43,6,1,FALSE,FALSE,FALSE,FALSE,FALSE,FALSE,306
2/9/1903,3,2,13,5,44,6,1,FALSE,FALSE,FALSE,FALSE,FALSE,FALSE,306
2/10/1903,3,2,14,6,45,6,1,FALSE,FALSE,FALSE,FALSE,FALSE,FALSE,306
2/11/1903,3,2,15,0,46,7,1,FALSE,FALSE,FALSE,FALSE,FALSE,FALSE,307
2/12/1903,3,2,16,1,47,7,1,FALSE,FALSE,FALSE,FALSE,FALSE,FALSE,307
2/13/1903,3,2,17,2,48,7,1,FALSE,FALSE,FALSE,FALSE,FALSE,FALSE,307
2/14/1903,3,2,18,3,49,7,1,FALSE,FALSE,FALSE,FALSE,FALSE,FALSE,307
2/15/1903,3,2,19,4,50,7,1,FALSE,FALSE,FALSE,FALSE,FALSE,FALSE,307
2/16/1903,3,2,20,5,51,7,1,FALSE,FALSE,FALSE,FALSE,FALSE,FALSE,307
2/17/1903,3,2,21,6,52,7,1,FALSE,FALSE,FALSE,FALSE,FALSE,FALSE,307
2/18/1903,3,2,22,0,53,8,1,FALSE,FALSE,FALSE,FALSE,FALSE,FALSE,308
2/19/1903,3,2,23,1,54,8,1,FALSE,FALSE,FALSE,FALSE,FALSE,FALSE,308
2/20/1903,3,2,24,2,55,8,1,FALSE,FALSE,FALSE,FALSE,FALSE,FALSE,308
2/21/1903,3,2,25,3,56,8,1,FALSE,FALSE,FALSE,FALSE,FALSE,FALSE,308
2/22/1903,3,2,26,4,57,8,1,FALSE,FALSE,FALSE,FALSE,FALSE,FALSE,308
2/23/1903,3,2,27,5,58,8,1,FALSE,FALSE,FALSE,FALSE,FALSE,FALSE,308
2/24/1903,3,2,28,6,59,8,1,FALSE,FALSE,FALSE,FALSE,FALSE,FALSE,308
2/25/1903,3,2,29,0,60,9,1,FALSE,TRUE,FALSE,FALSE,FALSE,FALSE,309
2/26/1903,3,3,1,1,61,9,1,TRUE,FALSE,FALSE,FALSE,FALSE,FALSE,309
2/27/1903,3,3,2,2,62,9,1,FALSE,FALSE,FALSE,FALSE,FALSE,FALSE,309
2/28/1903,3,3,3,3,63,9,1,FALSE,FALSE,FALSE,FALSE,FALSE,FALSE,309
3/1/1903,3,3,4,4,64,9,1,FALSE,FALSE,FALSE,FALSE,FALSE,FALSE,309
3/2/1903,3,3,5,5,65,9,1,FALSE,FALSE,FALSE,FALSE,FALSE,FALSE,309
3/3/1903,3,3,6,6,66,9,1,FALSE,FALSE,FALSE,FALSE,FALSE,FALSE,309
3/4/1903,3,3,7,0,67,10,1,FALSE,FALSE,FALSE,FALSE,FALSE,FALSE,310
3/5/1903,3,3,8,1,68,10,1,FALSE,FALSE,FALSE,FALSE,FALSE,FALSE,310
3/6/1903,3,3,9,2,69,10,1,FALSE,FALSE,FALSE,FALSE,FALSE,FALSE,310
3/7/1903,3,3,10,3,70,10,1,FALSE,FALSE,FALSE,FALSE,FALSE,FALSE,310
3/8/1903,3,3,11,4,71,10,1,FALSE,FALSE,FALSE,FALSE,FALSE,FALSE,310
3/9/1903,3,3,12,5,72,10,1,FALSE,FALSE,FALSE,FALSE,FALSE,FALSE,310
3/10/1903,3,3,13,6,73,10,1,FALSE,FALSE,FALSE,FALSE,FALSE,FALSE,310
3/11/1903,3,3,14,0,74,11,1,FALSE,FALSE,FALSE,FALSE,FALSE,FALSE,311
3/12/1903,3,3,15,1,75,11,1,FALSE,FALSE,FALSE,FALSE,FALSE,FALSE,311
3/13/1903,3,3,16,2,76,11,1,FALSE,FALSE,FALSE,FALSE,FALSE,FALSE,311
3/14/1903,3,3,17,3,77,11,1,FALSE,FALSE,FALSE,FALSE,FALSE,FALSE,311
3/15/1903,3,3,18,4,78,11,1,FALSE,FALSE,FALSE,FALSE,FALSE,FALSE,311
3/16/1903,3,3,19,5,79,11,1,FALSE,FALSE,FALSE,FALSE,FALSE,FALSE,311
3/17/1903,3,3,20,6,80,11,1,FALSE,FALSE,FALSE,FALSE,FALSE,FALSE,311
3/18/1903,3,3,21,0,81,12,1,FALSE,FALSE,FALSE,FALSE,FALSE,FALSE,312
3/19/1903,3,3,22,1,82,12,1,FALSE,FALSE,FALSE,FALSE,FALSE,FALSE,312
3/20/1903,3,3,23,2,83,12,1,FALSE,FALSE,FALSE,FALSE,FALSE,FALSE,312
3/21/1903,3,3,24,3,84,12,1,FALSE,FALSE,FALSE,FALSE,FALSE,FALSE,312
3/22/1903,3,3,25,4,85,12,1,FALSE,FALSE,FALSE,FALSE,FALSE,FALSE,312
3/23/1903,3,3,26,5,86,12,1,FALSE,FALSE,FALSE,FALSE,FALSE,FALSE,312
3/24/1903,3,3,27,6,87,12,1,FALSE,FALSE,FALSE,FALSE,FALSE,FALSE,312
3/25/1903,3,3,28,0,88,13,1,FALSE,FALSE,FALSE,FALSE,FALSE,FALSE,313
3/26/1903,3,3,29,1,89,13,1,FALSE,FALSE,FALSE,FALSE,FALSE,FALSE,313
3/27/1903,3,3,30,2,90,13,1,FALSE,FALSE,FALSE,FALSE,FALSE,FALSE,313
3/28/1903,3,3,31,3,91,13,1,FALSE,TRUE,FALSE,TRUE,FALSE,FALSE,313
3/29/1903,3,4,1,4,92,13,2,TRUE,FALSE,TRUE,FALSE,FALSE,FALSE,313
3/30/1903,3,4,2,5,93,13,2,FALSE,FALSE,FALSE,FALSE,FALSE,FALSE,313
3/31/1903,3,4,3,6,94,13,2,FALSE,FALSE,FALSE,FALSE,FALSE,FALSE,313
4/1/1903,3,4,4,0,95,14,2,FALSE,FALSE,FALSE,FALSE,FALSE,FALSE,314
4/2/1903,3,4,5,1,96,14,2,FALSE,FALSE,FALSE,FALSE,FALSE,FALSE,314
4/3/1903,3,4,6,2,97,14,2,FALSE,FALSE,FALSE,FALSE,FALSE,FALSE,314
4/4/1903,3,4,7,3,98,14,2,FALSE,FALSE,FALSE,FALSE,FALSE,FALSE,314
4/5/1903,3,4,8,4,99,14,2,FALSE,FALSE,FALSE,FALSE,FALSE,FALSE,314
4/6/1903,3,4,9,5,100,14,2,FALSE,FALSE,FALSE,FALSE,FALSE,FALSE,314
4/7/1903,3,4,10,6,101,14,2,FALSE,FALSE,FALSE,FALSE,FALSE,FALSE,314
4/8/1903,3,4,11,0,102,15,2,FALSE,FALSE,FALSE,FALSE,FALSE,FALSE,315
4/9/1903,3,4,12,1,103,15,2,FALSE,FALSE,FALSE,FALSE,FALSE,FALSE,315
4/10/1903,3,4,13,2,104,15,2,FALSE,FALSE,FALSE,FALSE,FALSE,FALSE,315
4/11/1903,3,4,14,3,105,15,2,FALSE,FALSE,FALSE,FALSE,FALSE,FALSE,315
4/12/1903,3,4,15,4,106,15,2,FALSE,FALSE,FALSE,FALSE,FALSE,FALSE,315
4/13/1903,3,4,16,5,107,15,2,FALSE,FALSE,FALSE,FALSE,FALSE,FALSE,315
4/14/1903,3,4,17,6,108,15,2,FALSE,FALSE,FALSE,FALSE,FALSE,FALSE,315
4/15/1903,3,4,18,0,109,16,2,FALSE,FALSE,FALSE,FALSE,FALSE,FALSE,316
4/16/1903,3,4,19,1,110,16,2,FALSE,FALSE,FALSE,FALSE,FALSE,FALSE,316
4/17/1903,3,4,20,2,111,16,2,FALSE,FALSE,FALSE,FALSE,FALSE,FALSE,316
4/18/1903,3,4,21,3,112,16,2,FALSE,FALSE,FALSE,FALSE,FALSE,FALSE,316
4/19/1903,3,4,22,4,113,16,2,FALSE,FALSE,FALSE,FALSE,FALSE,FALSE,316
4/20/1903,3,4,23,5,114,16,2,FALSE,FALSE,FALSE,FALSE,FALSE,FALSE,316
4/21/1903,3,4,24,6,115,16,2,FALSE,FALSE,FALSE,FALSE,FALSE,FALSE,316
4/22/1903,3,4,25,0,116,17,2,FALSE,FALSE,FALSE,FALSE,FALSE,FALSE,317
4/23/1903,3,4,26,1,117,17,2,FALSE,FALSE,FALSE,FALSE,FALSE,FALSE,317
4/24/1903,3,4,27,2,118,17,2,FALSE,FALSE,FALSE,FALSE,FALSE,FALSE,317
4/25/1903,3,4,28,3,119,17,2,FALSE,FALSE,FALSE,FALSE,FALSE,FALSE,317
4/26/1903,3,4,29,4,120,17,2,FALSE,FALSE,FALSE,FALSE,FALSE,FALSE,317
4/27/1903,3,4,30,5,121,17,2,FALSE,TRUE,FALSE,FALSE,FALSE,FALSE,317
4/28/1903,3,5,1,6,122,17,2,TRUE,FALSE,FALSE,FALSE,FALSE,FALSE,317
4/29/1903,3,5,2,0,123,18,2,FALSE,FALSE,FALSE,FALSE,FALSE,FALSE,318
4/30/1903,3,5,3,1,124,18,2,FALSE,FALSE,FALSE,FALSE,FALSE,FALSE,318
5/1/1903,3,5,4,2,125,18,2,FALSE,FALSE,FALSE,FALSE,FALSE,FALSE,318
5/2/1903,3,5,5,3,126,18,2,FALSE,FALSE,FALSE,FALSE,FALSE,FALSE,318
5/3/1903,3,5,6,4,127,18,2,FALSE,FALSE,FALSE,FALSE,FALSE,FALSE,318
5/4/1903,3,5,7,5,128,18,2,FALSE,FALSE,FALSE,FALSE,FALSE,FALSE,318
5/5/1903,3,5,8,6,129,18,2,FALSE,FALSE,FALSE,FALSE,FALSE,FALSE,318
5/6/1903,3,5,9,0,130,19,2,FALSE,FALSE,FALSE,FALSE,FALSE,FALSE,319
5/7/1903,3,5,10,1,131,19,2,FALSE,FALSE,FALSE,FALSE,FALSE,FALSE,319
5/8/1903,3,5,11,2,132,19,2,FALSE,FALSE,FALSE,FALSE,FALSE,FALSE,319
5/9/1903,3,5,12,3,133,19,2,FALSE,FALSE,FALSE,FALSE,FALSE,FALSE,319
5/10/1903,3,5,13,4,134,19,2,FALSE,FALSE,FALSE,FALSE,FALSE,FALSE,319
5/11/1903,3,5,14,5,135,19,2,FALSE,FALSE,FALSE,FALSE,FALSE,FALSE,319
5/12/1903,3,5,15,6,136,19,2,FALSE,FALSE,FALSE,FALSE,FALSE,FALSE,319
5/13/1903,3,5,16,0,137,20,2,FALSE,FALSE,FALSE,FALSE,FALSE,FALSE,320
5/14/1903,3,5,17,1,138,20,2,FALSE,FALSE,FALSE,FALSE,FALSE,FALSE,320
5/15/1903,3,5,18,2,139,20,2,FALSE,FALSE,FALSE,FALSE,FALSE,FALSE,320
5/16/1903,3,5,19,3,140,20,2,FALSE,FALSE,FALSE,FALSE,FALSE,FALSE,320
5/17/1903,3,5,20,4,141,20,2,FALSE,FALSE,FALSE,FALSE,FALSE,FALSE,320
5/18/1903,3,5,21,5,142,20,2,FALSE,FALSE,FALSE,FALSE,FALSE,FALSE,320
5/19/1903,3,5,22,6,143,20,2,FALSE,FALSE,FALSE,FALSE,FALSE,FALSE,320
5/20/1903,3,5,23,0,144,21,2,FALSE,FALSE,FALSE,FALSE,FALSE,FALSE,321
5/21/1903,3,5,24,1,145,21,2,FALSE,FALSE,FALSE,FALSE,FALSE,FALSE,321
5/22/1903,3,5,25,2,146,21,2,FALSE,FALSE,FALSE,FALSE,FALSE,FALSE,321
5/23/1903,3,5,26,3,147,21,2,FALSE,FALSE,FALSE,FALSE,FALSE,FALSE,321
5/24/1903,3,5,27,4,148,21,2,FALSE,FALSE,FALSE,FALSE,FALSE,FALSE,321
5/25/1903,3,5,28,5,149,21,2,FALSE,FALSE,FALSE,FALSE,FALSE,FALSE,321
5/26/1903,3,5,29,6,150,21,2,FALSE,FALSE,FALSE,FALSE,FALSE,FALSE,321
5/27/1903,3,5,30,0,151,22,2,FALSE,FALSE,FALSE,FALSE,FALSE,FALSE,322
5/28/1903,3,5,31,1,152,22,2,FALSE,TRUE,FALSE,FALSE,FALSE,FALSE,322
5/29/1903,3,6,1,2,153,22,2,TRUE,FALSE,FALSE,FALSE,FALSE,FALSE,322
5/30/1903,3,6,2,3,154,22,2,FALSE,FALSE,FALSE,FALSE,FALSE,FALSE,322
5/31/1903,3,6,3,4,155,22,2,FALSE,FALSE,FALSE,FALSE,FALSE,FALSE,322
6/1/1903,3,6,4,5,156,22,2,FALSE,FALSE,FALSE,FALSE,FALSE,FALSE,322
6/2/1903,3,6,5,6,157,22,2,FALSE,FALSE,FALSE,FALSE,FALSE,FALSE,322
6/3/1903,3,6,6,0,158,23,2,FALSE,FALSE,FALSE,FALSE,FALSE,FALSE,323
6/4/1903,3,6,7,1,159,23,2,FALSE,FALSE,FALSE,FALSE,FALSE,FALSE,323
6/5/1903,3,6,8,2,160,23,2,FALSE,FALSE,FALSE,FALSE,FALSE,FALSE,323
6/6/1903,3,6,9,3,161,23,2,FALSE,FALSE,FALSE,FALSE,FALSE,FALSE,323
6/7/1903,3,6,10,4,162,23,2,FALSE,FALSE,FALSE,FALSE,FALSE,FALSE,323
6/8/1903,3,6,11,5,163,23,2,FALSE,FALSE,FALSE,FALSE,FALSE,FALSE,323
6/9/1903,3,6,12,6,164,23,2,FALSE,FALSE,FALSE,FALSE,FALSE,FALSE,323
6/10/1903,3,6,13,0,165,24,2,FALSE,FALSE,FALSE,FALSE,FALSE,FALSE,324
6/11/1903,3,6,14,1,166,24,2,FALSE,FALSE,FALSE,FALSE,FALSE,FALSE,324
6/12/1903,3,6,15,2,167,24,2,FALSE,FALSE,FALSE,FALSE,FALSE,FALSE,324
6/13/1903,3,6,16,3,168,24,2,FALSE,FALSE,FALSE,FALSE,FALSE,FALSE,324
6/14/1903,3,6,17,4,169,24,2,FALSE,FALSE,FALSE,FALSE,FALSE,FALSE,324
6/15/1903,3,6,18,5,170,24,2,FALSE,FALSE,FALSE,FALSE,FALSE,FALSE,324
6/16/1903,3,6,19,6,171,24,2,FALSE,FALSE,FALSE,FALSE,FALSE,FALSE,324
6/17/1903,3,6,20,0,172,25,2,FALSE,FALSE,FALSE,FALSE,FALSE,FALSE,325
6/18/1903,3,6,21,1,173,25,2,FALSE,FALSE,FALSE,FALSE,FALSE,FALSE,325
6/19/1903,3,6,22,2,174,25,2,FALSE,FALSE,FALSE,FALSE,FALSE,FALSE,325
6/20/1903,3,6,23,3,175,25,2,FALSE,FALSE,FALSE,FALSE,FALSE,FALSE,325
6/21/1903,3,6,24,4,176,25,2,FALSE,FALSE,FALSE,FALSE,FALSE,FALSE,325
6/22/1903,3,6,25,5,177,25,2,FALSE,FALSE,FALSE,FALSE,FALSE,FALSE,325
6/23/1903,3,6,26,6,178,25,2,FALSE,FALSE,FALSE,FALSE,FALSE,FALSE,325
6/24/1903,3,6,27,0,179,26,2,FALSE,FALSE,FALSE,FALSE,FALSE,FALSE,326
6/25/1903,3,6,28,1,180,26,2,FALSE,FALSE,FALSE,FALSE,FALSE,FALSE,326
6/26/1903,3,6,29,2,181,26,2,FALSE,FALSE,FALSE,FALSE,FALSE,FALSE,326
6/27/1903,3,6,30,3,182,26,2,FALSE,TRUE,FALSE,TRUE,FALSE,FALSE,326
6/28/1903,3,7,1,4,183,26,3,TRUE,FALSE,TRUE,FALSE,FALSE,FALSE,326
6/29/1903,3,7,2,5,184,26,3,FALSE,FALSE,FALSE,FALSE,FALSE,FALSE,326
6/30/1903,3,7,3,6,185,26,3,FALSE,FALSE,FALSE,FALSE,FALSE,FALSE,326
7/1/1903,3,7,4,0,186,27,3,FALSE,FALSE,FALSE,FALSE,FALSE,FALSE,327
7/2/1903,3,7,5,1,187,27,3,FALSE,FALSE,FALSE,FALSE,FALSE,FALSE,327
7/3/1903,3,7,6,2,188,27,3,FALSE,FALSE,FALSE,FALSE,FALSE,FALSE,327
7/4/1903,3,7,7,3,189,27,3,FALSE,FALSE,FALSE,FALSE,FALSE,FALSE,327
7/5/1903,3,7,8,4,190,27,3,FALSE,FALSE,FALSE,FALSE,FALSE,FALSE,327
7/6/1903,3,7,9,5,191,27,3,FALSE,FALSE,FALSE,FALSE,FALSE,FALSE,327
7/7/1903,3,7,10,6,192,27,3,FALSE,FALSE,FALSE,FALSE,FALSE,FALSE,327
7/8/1903,3,7,11,0,193,28,3,FALSE,FALSE,FALSE,FALSE,FALSE,FALSE,328
7/9/1903,3,7,12,1,194,28,3,FALSE,FALSE,FALSE,FALSE,FALSE,FALSE,328
7/10/1903,3,7,13,2,195,28,3,FALSE,FALSE,FALSE,FALSE,FALSE,FALSE,328
7/11/1903,3,7,14,3,196,28,3,FALSE,FALSE,FALSE,FALSE,FALSE,FALSE,328
7/12/1903,3,7,15,4,197,28,3,FALSE,FALSE,FALSE,FALSE,FALSE,FALSE,328
7/13/1903,3,7,16,5,198,28,3,FALSE,FALSE,FALSE,FALSE,FALSE,FALSE,328
7/14/1903,3,7,17,6,199,28,3,FALSE,FALSE,FALSE,FALSE,FALSE,FALSE,328
7/15/1903,3,7,18,0,200,29,3,FALSE,FALSE,FALSE,FALSE,FALSE,FALSE,329
7/16/1903,3,7,19,1,201,29,3,FALSE,FALSE,FALSE,FALSE,FALSE,FALSE,329
7/17/1903,3,7,20,2,202,29,3,FALSE,FALSE,FALSE,FALSE,FALSE,FALSE,329
7/18/1903,3,7,21,3,203,29,3,FALSE,FALSE,FALSE,FALSE,FALSE,FALSE,329
7/19/1903,3,7,22,4,204,29,3,FALSE,FALSE,FALSE,FALSE,FALSE,FALSE,329
7/20/1903,3,7,23,5,205,29,3,FALSE,FALSE,FALSE,FALSE,FALSE,FALSE,329
7/21/1903,3,7,24,6,206,29,3,FALSE,FALSE,FALSE,FALSE,FALSE,FALSE,329
7/22/1903,3,7,25,0,207,30,3,FALSE,FALSE,FALSE,FALSE,FALSE,FALSE,330
7/23/1903,3,7,26,1,208,30,3,FALSE,FALSE,FALSE,FALSE,FALSE,FALSE,330
7/24/1903,3,7,27,2,209,30,3,FALSE,FALSE,FALSE,FALSE,FALSE,FALSE,330
7/25/1903,3,7,28,3,210,30,3,FALSE,FALSE,FALSE,FALSE,FALSE,FALSE,330
7/26/1903,3,7,29,4,211,30,3,FALSE,FALSE,FALSE,FALSE,FALSE,FALSE,330
7/27/1903,3,7,30,5,212,30,3,FALSE,FALSE,FALSE,FALSE,FALSE,FALSE,330
7/28/1903,3,7,31,6,213,30,3,FALSE,TRUE,FALSE,FALSE,FALSE,FALSE,330
7/29/1903,3,8,1,0,214,31,3,TRUE,FALSE,FALSE,FALSE,FALSE,FALSE,331
7/30/1903,3,8,2,1,215,31,3,FALSE,FALSE,FALSE,FALSE,FALSE,FALSE,331
7/31/1903,3,8,3,2,216,31,3,FALSE,FALSE,FALSE,FALSE,FALSE,FALSE,331
8/1/1903,3,8,4,3,217,31,3,FALSE,FALSE,FALSE,FALSE,FALSE,FALSE,331
8/2/1903,3,8,5,4,218,31,3,FALSE,FALSE,FALSE,FALSE,FALSE,FALSE,331
8/3/1903,3,8,6,5,219,31,3,FALSE,FALSE,FALSE,FALSE,FALSE,FALSE,331
8/4/1903,3,8,7,6,220,31,3,FALSE,FALSE,FALSE,FALSE,FALSE,FALSE,331
8/5/1903,3,8,8,0,221,32,3,FALSE,FALSE,FALSE,FALSE,FALSE,FALSE,332
8/6/1903,3,8,9,1,222,32,3,FALSE,FALSE,FALSE,FALSE,FALSE,FALSE,332
8/7/1903,3,8,10,2,223,32,3,FALSE,FALSE,FALSE,FALSE,FALSE,FALSE,332
8/8/1903,3,8,11,3,224,32,3,FALSE,FALSE,FALSE,FALSE,FALSE,FALSE,332
8/9/1903,3,8,12,4,225,32,3,FALSE,FALSE,FALSE,FALSE,FALSE,FALSE,332
8/10/1903,3,8,13,5,226,32,3,FALSE,FALSE,FALSE,FALSE,FALSE,FALSE,332
8/11/1903,3,8,14,6,227,32,3,FALSE,FALSE,FALSE,FALSE,FALSE,FALSE,332
8/12/1903,3,8,15,0,228,33,3,FALSE,FALSE,FALSE,FALSE,FALSE,FALSE,333
8/13/1903,3,8,16,1,229,33,3,FALSE,FALSE,FALSE,FALSE,FALSE,FALSE,333
8/14/1903,3,8,17,2,230,33,3,FALSE,FALSE,FALSE,FALSE,FALSE,FALSE,333
8/15/1903,3,8,18,3,231,33,3,FALSE,FALSE,FALSE,FALSE,FALSE,FALSE,333
8/16/1903,3,8,19,4,232,33,3,FALSE,FALSE,FALSE,FALSE,FALSE,FALSE,333
8/17/1903,3,8,20,5,233,33,3,FALSE,FALSE,FALSE,FALSE,FALSE,FALSE,333
8/18/1903,3,8,21,6,234,33,3,FALSE,FALSE,FALSE,FALSE,FALSE,FALSE,333
8/19/1903,3,8,22,0,235,34,3,FALSE,FALSE,FALSE,FALSE,FALSE,FALSE,334
8/20/1903,3,8,23,1,236,34,3,FALSE,FALSE,FALSE,FALSE,FALSE,FALSE,334
8/21/1903,3,8,24,2,237,34,3,FALSE,FALSE,FALSE,FALSE,FALSE,FALSE,334
8/22/1903,3,8,25,3,238,34,3,FALSE,FALSE,FALSE,FALSE,FALSE,FALSE,334
8/23/1903,3,8,26,4,239,34,3,FALSE,FALSE,FALSE,FALSE,FALSE,FALSE,334
8/24/1903,3,8,27,5,240,34,3,FALSE,FALSE,FALSE,FALSE,FALSE,FALSE,334
8/25/1903,3,8,28,6,241,34,3,FALSE,FALSE,FALSE,FALSE,FALSE,FALSE,334
8/26/1903,3,8,29,0,242,35,3,FALSE,FALSE,FALSE,FALSE,FALSE,FALSE,335
8/27/1903,3,8,30,1,243,35,3,FALSE,FALSE,FALSE,FALSE,FALSE,FALSE,335
8/28/1903,3,8,31,2,244,35,3,FALSE,TRUE,FALSE,FALSE,FALSE,FALSE,335
8/29/1903,3,9,1,3,245,35,3,TRUE,FALSE,FALSE,FALSE,FALSE,FALSE,335
8/30/1903,3,9,2,4,246,35,3,FALSE,FALSE,FALSE,FALSE,FALSE,FALSE,335
8/31/1903,3,9,3,5,247,35,3,FALSE,FALSE,FALSE,FALSE,FALSE,FALSE,335
9/1/1903,3,9,4,6,248,35,3,FALSE,FALSE,FALSE,FALSE,FALSE,FALSE,335
9/2/1903,3,9,5,0,249,36,3,FALSE,FALSE,FALSE,FALSE,FALSE,FALSE,336
9/3/1903,3,9,6,1,250,36,3,FALSE,FALSE,FALSE,FALSE,FALSE,FALSE,336
9/4/1903,3,9,7,2,251,36,3,FALSE,FALSE,FALSE,FALSE,FALSE,FALSE,336
9/5/1903,3,9,8,3,252,36,3,FALSE,FALSE,FALSE,FALSE,FALSE,FALSE,336
9/6/1903,3,9,9,4,253,36,3,FALSE,FALSE,FALSE,FALSE,FALSE,FALSE,336
9/7/1903,3,9,10,5,254,36,3,FALSE,FALSE,FALSE,FALSE,FALSE,FALSE,336
9/8/1903,3,9,11,6,255,36,3,FALSE,FALSE,FALSE,FALSE,FALSE,FALSE,336
9/9/1903,3,9,12,0,256,37,3,FALSE,FALSE,FALSE,FALSE,FALSE,FALSE,337
9/10/1903,3,9,13,1,257,37,3,FALSE,FALSE,FALSE,FALSE,FALSE,FALSE,337
9/11/1903,3,9,14,2,258,37,3,FALSE,FALSE,FALSE,FALSE,FALSE,FALSE,337
9/12/1903,3,9,15,3,259,37,3,FALSE,FALSE,FALSE,FALSE,FALSE,FALSE,337
9/13/1903,3,9,16,4,260,37,3,FALSE,FALSE,FALSE,FALSE,FALSE,FALSE,337
9/14/1903,3,9,17,5,261,37,3,FALSE,FALSE,FALSE,FALSE,FALSE,FALSE,337
9/15/1903,3,9,18,6,262,37,3,FALSE,FALSE,FALSE,FALSE,FALSE,FALSE,337
9/16/1903,3,9,19,0,263,38,3,FALSE,FALSE,FALSE,FALSE,FALSE,FALSE,338
9/17/1903,3,9,20,1,264,38,3,FALSE,FALSE,FALSE,FALSE,FALSE,FALSE,338
9/18/1903,3,9,21,2,265,38,3,FALSE,FALSE,FALSE,FALSE,FALSE,FALSE,338
9/19/1903,3,9,22,3,266,38,3,FALSE,FALSE,FALSE,FALSE,FALSE,FALSE,338
9/20/1903,3,9,23,4,267,38,3,FALSE,FALSE,FALSE,FALSE,FALSE,FALSE,338
9/21/1903,3,9,24,5,268,38,3,FALSE,FALSE,FALSE,FALSE,FALSE,FALSE,338
9/22/1903,3,9,25,6,269,38,3,FALSE,FALSE,FALSE,FALSE,FALSE,FALSE,338
9/23/1903,3,9,26,0,270,39,3,FALSE,FALSE,FALSE,FALSE,FALSE,FALSE,339
9/24/1903,3,9,27,1,271,39,3,FALSE,FALSE,FALSE,FALSE,FALSE,FALSE,339
9/25/1903,3,9,28,2,272,39,3,FALSE,FALSE,FALSE,FALSE,FALSE,FALSE,339
9/26/1903,3,9,29,3,273,39,3,FALSE,FALSE,FALSE,FALSE,FALSE,FALSE,339
9/27/1903,3,9,30,4,274,39,3,FALSE,TRUE,FALSE,TRUE,FALSE,FALSE,339
9/28/1903,3,10,1,5,275,39,4,TRUE,FALSE,TRUE,FALSE,FALSE,FALSE,339
9/29/1903,3,10,2,6,276,39,4,FALSE,FALSE,FALSE,FALSE,FALSE,FALSE,339
9/30/1903,3,10,3,0,277,40,4,FALSE,FALSE,FALSE,FALSE,FALSE,FALSE,340
10/1/1903,3,10,4,1,278,40,4,FALSE,FALSE,FALSE,FALSE,FALSE,FALSE,340
10/2/1903,3,10,5,2,279,40,4,FALSE,FALSE,FALSE,FALSE,FALSE,FALSE,340
10/3/1903,3,10,6,3,280,40,4,FALSE,FALSE,FALSE,FALSE,FALSE,FALSE,340
10/4/1903,3,10,7,4,281,40,4,FALSE,FALSE,FALSE,FALSE,FALSE,FALSE,340
10/5/1903,3,10,8,5,282,40,4,FALSE,FALSE,FALSE,FALSE,FALSE,FALSE,340
10/6/1903,3,10,9,6,283,40,4,FALSE,FALSE,FALSE,FALSE,FALSE,FALSE,340
10/7/1903,3,10,10,0,284,41,4,FALSE,FALSE,FALSE,FALSE,FALSE,FALSE,341
10/8/1903,3,10,11,1,285,41,4,FALSE,FALSE,FALSE,FALSE,FALSE,FALSE,341
10/9/1903,3,10,12,2,286,41,4,FALSE,FALSE,FALSE,FALSE,FALSE,FALSE,341
10/10/1903,3,10,13,3,287,41,4,FALSE,FALSE,FALSE,FALSE,FALSE,FALSE,341
10/11/1903,3,10,14,4,288,41,4,FALSE,FALSE,FALSE,FALSE,FALSE,FALSE,341
10/12/1903,3,10,15,5,289,41,4,FALSE,FALSE,FALSE,FALSE,FALSE,FALSE,341
10/13/1903,3,10,16,6,290,41,4,FALSE,FALSE,FALSE,FALSE,FALSE,FALSE,341
10/14/1903,3,10,17,0,291,42,4,FALSE,FALSE,FALSE,FALSE,FALSE,FALSE,342
10/15/1903,3,10,18,1,292,42,4,FALSE,FALSE,FALSE,FALSE,FALSE,FALSE,342
10/16/1903,3,10,19,2,293,42,4,FALSE,FALSE,FALSE,FALSE,FALSE,FALSE,342
10/17/1903,3,10,20,3,294,42,4,FALSE,FALSE,FALSE,FALSE,FALSE,FALSE,342
10/18/1903,3,10,21,4,295,42,4,FALSE,FALSE,FALSE,FALSE,FALSE,FALSE,342
10/19/1903,3,10,22,5,296,42,4,FALSE,FALSE,FALSE,FALSE,FALSE,FALSE,342
10/20/1903,3,10,23,6,297,42,4,FALSE,FALSE,FALSE,FALSE,FALSE,FALSE,342
10/21/1903,3,10,24,0,298,43,4,FALSE,FALSE,FALSE,FALSE,FALSE,FALSE,343
10/22/1903,3,10,25,1,299,43,4,FALSE,FALSE,FALSE,FALSE,FALSE,FALSE,343
10/23/1903,3,10,26,2,300,43,4,FALSE,FALSE,FALSE,FALSE,FALSE,FALSE,343
10/24/1903,3,10,27,3,301,43,4,FALSE,FALSE,FALSE,FALSE,FALSE,FALSE,343
10/25/1903,3,10,28,4,302,43,4,FALSE,FALSE,FALSE,FALSE,FALSE,FALSE,343
10/26/1903,3,10,29,5,303,43,4,FALSE,FALSE,FALSE,FALSE,FALSE,FALSE,343
10/27/1903,3,10,30,6,304,43,4,FALSE,FALSE,FALSE,FALSE,FALSE,FALSE,343
10/28/1903,3,10,31,0,305,44,4,FALSE,TRUE,FALSE,FALSE,FALSE,FALSE,344
10/29/1903,3,11,1,1,306,44,4,TRUE,FALSE,FALSE,FALSE,FALSE,FALSE,344
10/30/1903,3,11,2,2,307,44,4,FALSE,FALSE,FALSE,FALSE,FALSE,FALSE,344
10/31/1903,3,11,3,3,308,44,4,FALSE,FALSE,FALSE,FALSE,FALSE,FALSE,344
11/1/1903,3,11,4,4,309,44,4,FALSE,FALSE,FALSE,FALSE,FALSE,FALSE,344
11/2/1903,3,11,5,5,310,44,4,FALSE,FALSE,FALSE,FALSE,FALSE,FALSE,344
11/3/1903,3,11,6,6,311,44,4,FALSE,FALSE,FALSE,FALSE,FALSE,FALSE,344
11/4/1903,3,11,7,0,312,45,4,FALSE,FALSE,FALSE,FALSE,FALSE,FALSE,345
11/5/1903,3,11,8,1,313,45,4,FALSE,FALSE,FALSE,FALSE,FALSE,FALSE,345
11/6/1903,3,11,9,2,314,45,4,FALSE,FALSE,FALSE,FALSE,FALSE,FALSE,345
11/7/1903,3,11,10,3,315,45,4,FALSE,FALSE,FALSE,FALSE,FALSE,FALSE,345
11/8/1903,3,11,11,4,316,45,4,FALSE,FALSE,FALSE,FALSE,FALSE,FALSE,345
11/9/1903,3,11,12,5,317,45,4,FALSE,FALSE,FALSE,FALSE,FALSE,FALSE,345
11/10/1903,3,11,13,6,318,45,4,FALSE,FALSE,FALSE,FALSE,FALSE,FALSE,345
11/11/1903,3,11,14,0,319,46,4,FALSE,FALSE,FALSE,FALSE,FALSE,FALSE,346
11/12/1903,3,11,15,1,320,46,4,FALSE,FALSE,FALSE,FALSE,FALSE,FALSE,346
11/13/1903,3,11,16,2,321,46,4,FALSE,FALSE,FALSE,FALSE,FALSE,FALSE,346
11/14/1903,3,11,17,3,322,46,4,FALSE,FALSE,FALSE,FALSE,FALSE,FALSE,346
11/15/1903,3,11,18,4,323,46,4,FALSE,FALSE,FALSE,FALSE,FALSE,FALSE,346
11/16/1903,3,11,19,5,324,46,4,FALSE,FALSE,FALSE,FALSE,FALSE,FALSE,346
11/17/1903,3,11,20,6,325,46,4,FALSE,FALSE,FALSE,FALSE,FALSE,FALSE,346
11/18/1903,3,11,21,0,326,47,4,FALSE,FALSE,FALSE,FALSE,FALSE,FALSE,347
11/19/1903,3,11,22,1,327,47,4,FALSE,FALSE,FALSE,FALSE,FALSE,FALSE,347
11/20/1903,3,11,23,2,328,47,4,FALSE,FALSE,FALSE,FALSE,FALSE,FALSE,347
11/21/1903,3,11,24,3,329,47,4,FALSE,FALSE,FALSE,FALSE,FALSE,FALSE,347
11/22/1903,3,11,25,4,330,47,4,FALSE,FALSE,FALSE,FALSE,FALSE,FALSE,347
11/23/1903,3,11,26,5,331,47,4,FALSE,FALSE,FALSE,FALSE,FALSE,FALSE,347
11/24/1903,3,11,27,6,332,47,4,FALSE,FALSE,FALSE,FALSE,FALSE,FALSE,347
11/25/1903,3,11,28,0,333,48,4,FALSE,FALSE,FALSE,FALSE,FALSE,FALSE,348
11/26/1903,3,11,29,1,334,48,4,FALSE,FALSE,FALSE,FALSE,FALSE,FALSE,348
11/27/1903,3,11,30,2,335,48,4,FALSE,TRUE,FALSE,FALSE,FALSE,FALSE,348
11/28/1903,3,12,1,3,336,48,4,TRUE,FALSE,FALSE,FALSE,FALSE,FALSE,348
11/29/1903,3,12,2,4,337,48,4,FALSE,FALSE,FALSE,FALSE,FALSE,FALSE,348
11/30/1903,3,12,3,5,338,48,4,FALSE,FALSE,FALSE,FALSE,FALSE,FALSE,348
12/1/1903,3,12,4,6,339,48,4,FALSE,FALSE,FALSE,FALSE,FALSE,FALSE,348
12/2/1903,3,12,5,0,340,49,4,FALSE,FALSE,FALSE,FALSE,FALSE,FALSE,349
12/3/1903,3,12,6,1,341,49,4,FALSE,FALSE,FALSE,FALSE,FALSE,FALSE,349
12/4/1903,3,12,7,2,342,49,4,FALSE,FALSE,FALSE,FALSE,FALSE,FALSE,349
12/5/1903,3,12,8,3,343,49,4,FALSE,FALSE,FALSE,FALSE,FALSE,FALSE,349
12/6/1903,3,12,9,4,344,49,4,FALSE,FALSE,FALSE,FALSE,FALSE,FALSE,349
12/7/1903,3,12,10,5,345,49,4,FALSE,FALSE,FALSE,FALSE,FALSE,FALSE,349
12/8/1903,3,12,11,6,346,49,4,FALSE,FALSE,FALSE,FALSE,FALSE,FALSE,349
12/9/1903,3,12,12,0,347,50,4,FALSE,FALSE,FALSE,FALSE,FALSE,FALSE,350
12/10/1903,3,12,13,1,348,50,4,FALSE,FALSE,FALSE,FALSE,FALSE,FALSE,350
12/11/1903,3,12,14,2,349,50,4,FALSE,FALSE,FALSE,FALSE,FALSE,FALSE,350
12/12/1903,3,12,15,3,350,50,4,FALSE,FALSE,FALSE,FALSE,FALSE,FALSE,350
12/13/1903,3,12,16,4,351,50,4,FALSE,FALSE,FALSE,FALSE,FALSE,FALSE,350
12/14/1903,3,12,17,5,352,50,4,FALSE,FALSE,FALSE,FALSE,FALSE,FALSE,350
12/15/1903,3,12,18,6,353,50,4,FALSE,FALSE,FALSE,FALSE,FALSE,FALSE,350
12/16/1903,3,12,19,0,354,51,4,FALSE,FALSE,FALSE,FALSE,FALSE,FALSE,351
12/17/1903,3,12,20,1,355,51,4,FALSE,FALSE,FALSE,FALSE,FALSE,FALSE,351
12/18/1903,3,12,21,2,356,51,4,FALSE,FALSE,FALSE,FALSE,FALSE,FALSE,351
12/19/1903,3,12,22,3,357,51,4,FALSE,FALSE,FALSE,FALSE,FALSE,FALSE,351
12/20/1903,3,12,23,4,358,51,4,FALSE,FALSE,FALSE,FALSE,FALSE,FALSE,351
12/21/1903,3,12,24,5,359,51,4,FALSE,FALSE,FALSE,FALSE,FALSE,FALSE,351
12/22/1903,3,12,26,0,361,52,4,FALSE,FALSE,FALSE,FALSE,FALSE,FALSE,352
12/23/1903,3,12,27,1,362,52,4,FALSE,FALSE,FALSE,FALSE,FALSE,FALSE,352
12/24/1903,3,12,28,2,363,52,4,FALSE,FALSE,FALSE,FALSE,FALSE,FALSE,352
12/25/1903,3,12,29,3,364,52,4,FALSE,FALSE,FALSE,FALSE,FALSE,FALSE,352
12/26/1903,3,12,30,4,365,52,4,FALSE,FALSE,FALSE,FALSE,FALSE,FALSE,352
12/27/1903,3,12,31,5,366,52,4,FALSE,TRUE,FALSE,TRUE,FALSE,TRUE,352
12/28/1903,4,1,1,6,1,52,1,TRUE,FALSE,TRUE,FALSE,TRUE,FALSE,352
12/29/1903,4,1,2,0,2,1,1,FALSE,FALSE,FALSE,FALSE,FALSE,FALSE,401
12/30/1903,4,1,3,1,3,1,1,FALSE,FALSE,FALSE,FALSE,FALSE,FALSE,401
12/31/1903,4,1,4,2,4,1,1,FALSE,FALSE,FALSE,FALSE,FALSE,FALSE,401
1/1/1904,4,1,5,3,5,1,1,FALSE,FALSE,FALSE,FALSE,FALSE,FALSE,401
1/2/1904,4,1,6,4,6,1,1,FALSE,FALSE,FALSE,FALSE,FALSE,FALSE,401
1/3/1904,4,1,7,5,7,1,1,FALSE,FALSE,FALSE,FALSE,FALSE,FALSE,401
1/4/1904,4,1,8,6,8,1,1,FALSE,FALSE,FALSE,FALSE,FALSE,FALSE,401
1/5/1904,4,1,9,0,9,2,1,FALSE,FALSE,FALSE,FALSE,FALSE,FALSE,402
1/6/1904,4,1,10,1,10,2,1,FALSE,FALSE,FALSE,FALSE,FALSE,FALSE,402
1/7/1904,4,1,11,2,11,2,1,FALSE,FALSE,FALSE,FALSE,FALSE,FALSE,402
1/8/1904,4,1,12,3,12,2,1,FALSE,FALSE,FALSE,FALSE,FALSE,FALSE,402
1/9/1904,4,1,13,4,13,2,1,FALSE,FALSE,FALSE,FALSE,FALSE,FALSE,402
1/10/1904,4,1,14,5,14,2,1,FALSE,FALSE,FALSE,FALSE,FALSE,FALSE,402
1/11/1904,4,1,15,6,15,2,1,FALSE,FALSE,FALSE,FALSE,FALSE,FALSE,402
1/12/1904,4,1,16,0,16,3,1,FALSE,FALSE,FALSE,FALSE,FALSE,FALSE,403
1/13/1904,4,1,17,1,17,3,1,FALSE,FALSE,FALSE,FALSE,FALSE,FALSE,403
1/14/1904,4,1,18,2,18,3,1,FALSE,FALSE,FALSE,FALSE,FALSE,FALSE,403
1/15/1904,4,1,19,3,19,3,1,FALSE,FALSE,FALSE,FALSE,FALSE,FALSE,403
1/16/1904,4,1,20,4,20,3,1,FALSE,FALSE,FALSE,FALSE,FALSE,FALSE,403
1/17/1904,4,1,21,5,21,3,1,FALSE,FALSE,FALSE,FALSE,FALSE,FALSE,403
1/18/1904,4,1,22,6,22,3,1,FALSE,FALSE,FALSE,FALSE,FALSE,FALSE,403
1/19/1904,4,1,23,0,23,4,1,FALSE,FALSE,FALSE,FALSE,FALSE,FALSE,404
1/20/1904,4,1,24,1,24,4,1,FALSE,FALSE,FALSE,FALSE,FALSE,FALSE,404
1/21/1904,4,1,25,2,25,4,1,FALSE,FALSE,FALSE,FALSE,FALSE,FALSE,404
1/22/1904,4,1,26,3,26,4,1,FALSE,FALSE,FALSE,FALSE,FALSE,FALSE,404
1/23/1904,4,1,27,4,27,4,1,FALSE,FALSE,FALSE,FALSE,FALSE,FALSE,404
1/24/1904,4,1,28,5,28,4,1,FALSE,FALSE,FALSE,FALSE,FALSE,FALSE,404
1/25/1904,4,1,29,6,29,4,1,FALSE,FALSE,FALSE,FALSE,FALSE,FALSE,404
1/26/1904,4,1,30,0,30,5,1,FALSE,FALSE,FALSE,FALSE,FALSE,FALSE,405
1/27/1904,4,1,31,1,31,5,1,FALSE,TRUE,FALSE,FALSE,FALSE,FALSE,405
1/28/1904,4,2,1,2,32,5,1,TRUE,FALSE,FALSE,FALSE,FALSE,FALSE,405
1/29/1904,4,2,2,3,33,5,1,FALSE,FALSE,FALSE,FALSE,FALSE,FALSE,405
1/30/1904,4,2,3,4,34,5,1,FALSE,FALSE,FALSE,FALSE,FALSE,FALSE,405
1/31/1904,4,2,4,5,35,5,1,FALSE,FALSE,FALSE,FALSE,FALSE,FALSE,405
2/1/1904,4,2,5,6,36,5,1,FALSE,FALSE,FALSE,FALSE,FALSE,FALSE,405
2/2/1904,4,2,6,0,37,6,1,FALSE,FALSE,FALSE,FALSE,FALSE,FALSE,406
2/3/1904,4,2,7,1,38,6,1,FALSE,FALSE,FALSE,FALSE,FALSE,FALSE,406
2/4/1904,4,2,8,2,39,6,1,FALSE,FALSE,FALSE,FALSE,FALSE,FALSE,406
2/5/1904,4,2,9,3,40,6,1,FALSE,FALSE,FALSE,FALSE,FALSE,FALSE,406
2/6/1904,4,2,10,4,41,6,1,FALSE,FALSE,FALSE,FALSE,FALSE,FALSE,406
2/7/1904,4,2,11,5,42,6,1,FALSE,FALSE,FALSE,FALSE,FALSE,FALSE,406
2/8/1904,4,2,12,6,43,6,1,FALSE,FALSE,FALSE,FALSE,FALSE,FALSE,406
2/9/1904,4,2,13,0,44,7,1,FALSE,FALSE,FALSE,FALSE,FALSE,FALSE,407
2/10/1904,4,2,14,1,45,7,1,FALSE,FALSE,FALSE,FALSE,FALSE,FALSE,407
2/11/1904,4,2,15,2,46,7,1,FALSE,FALSE,FALSE,FALSE,FALSE,FALSE,407
2/12/1904,4,2,16,3,47,7,1,FALSE,FALSE,FALSE,FALSE,FALSE,FALSE,407
2/13/1904,4,2,17,4,48,7,1,FALSE,FALSE,FALSE,FALSE,FALSE,FALSE,407
2/14/1904,4,2,18,5,49,7,1,FALSE,FALSE,FALSE,FALSE,FALSE,FALSE,407
2/15/1904,4,2,19,6,50,7,1,FALSE,FALSE,FALSE,FALSE,FALSE,FALSE,407
2/16/1904,4,2,20,0,51,8,1,FALSE,FALSE,FALSE,FALSE,FALSE,FALSE,408
2/17/1904,4,2,21,1,52,8,1,FALSE,FALSE,FALSE,FALSE,FALSE,FALSE,408
2/18/1904,4,2,22,2,53,8,1,FALSE,FALSE,FALSE,FALSE,FALSE,FALSE,408
2/19/1904,4,2,23,3,54,8,1,FALSE,FALSE,FALSE,FALSE,FALSE,FALSE,408
2/20/1904,4,2,24,4,55,8,1,FALSE,FALSE,FALSE,FALSE,FALSE,FALSE,408
2/21/1904,4,2,25,5,56,8,1,FALSE,FALSE,FALSE,FALSE,FALSE,FALSE,408
2/22/1904,4,2,26,6,57,8,1,FALSE,FALSE,FALSE,FALSE,FALSE,FALSE,408
2/23/1904,4,2,27,0,58,9,1,FALSE,FALSE,FALSE,FALSE,FALSE,FALSE,409
2/24/1904,4,2,28,1,59,9,1,FALSE,TRUE,FALSE,FALSE,FALSE,FALSE,409
2/25/1904,4,3,1,2,60,9,1,TRUE,FALSE,FALSE,FALSE,FALSE,FALSE,409
2/26/1904,4,3,2,3,61,9,1,FALSE,FALSE,FALSE,FALSE,FALSE,FALSE,409
2/27/1904,4,3,3,4,62,9,1,FALSE,FALSE,FALSE,FALSE,FALSE,FALSE,409
2/28/1904,4,3,4,5,63,9,1,FALSE,FALSE,FALSE,FALSE,FALSE,FALSE,409
2/29/1904,4,3,5,6,64,9,1,FALSE,FALSE,FALSE,FALSE,FALSE,FALSE,409
3/1/1904,4,3,6,0,65,10,1,FALSE,FALSE,FALSE,FALSE,FALSE,FALSE,410
3/2/1904,4,3,7,1,66,10,1,FALSE,FALSE,FALSE,FALSE,FALSE,FALSE,410
3/3/1904,4,3,8,2,67,10,1,FALSE,FALSE,FALSE,FALSE,FALSE,FALSE,410
3/4/1904,4,3,9,3,68,10,1,FALSE,FALSE,FALSE,FALSE,FALSE,FALSE,410
3/5/1904,4,3,10,4,69,10,1,FALSE,FALSE,FALSE,FALSE,FALSE,FALSE,410
3/6/1904,4,3,11,5,70,10,1,FALSE,FALSE,FALSE,FALSE,FALSE,FALSE,410
3/7/1904,4,3,12,6,71,10,1,FALSE,FALSE,FALSE,FALSE,FALSE,FALSE,410
3/8/1904,4,3,13,0,72,11,1,FALSE,FALSE,FALSE,FALSE,FALSE,FALSE,411
3/9/1904,4,3,14,1,73,11,1,FALSE,FALSE,FALSE,FALSE,FALSE,FALSE,411
3/10/1904,4,3,15,2,74,11,1,FALSE,FALSE,FALSE,FALSE,FALSE,FALSE,411
3/11/1904,4,3,16,3,75,11,1,FALSE,FALSE,FALSE,FALSE,FALSE,FALSE,411
3/12/1904,4,3,17,4,76,11,1,FALSE,FALSE,FALSE,FALSE,FALSE,FALSE,411
3/13/1904,4,3,18,5,77,11,1,FALSE,FALSE,FALSE,FALSE,FALSE,FALSE,411
3/14/1904,4,3,19,6,78,11,1,FALSE,FALSE,FALSE,FALSE,FALSE,FALSE,411
3/15/1904,4,3,20,0,79,12,1,FALSE,FALSE,FALSE,FALSE,FALSE,FALSE,412
3/16/1904,4,3,21,1,80,12,1,FALSE,FALSE,FALSE,FALSE,FALSE,FALSE,412
3/17/1904,4,3,22,2,81,12,1,FALSE,FALSE,FALSE,FALSE,FALSE,FALSE,412
3/18/1904,4,3,23,3,82,12,1,FALSE,FALSE,FALSE,FALSE,FALSE,FALSE,412
3/19/1904,4,3,24,4,83,12,1,FALSE,FALSE,FALSE,FALSE,FALSE,FALSE,412
3/20/1904,4,3,25,5,84,12,1,FALSE,FALSE,FALSE,FALSE,FALSE,FALSE,412
3/21/1904,4,3,26,6,85,12,1,FALSE,FALSE,FALSE,FALSE,FALSE,FALSE,412
3/22/1904,4,3,27,0,86,13,1,FALSE,FALSE,FALSE,FALSE,FALSE,FALSE,413
3/23/1904,4,3,28,1,87,13,1,FALSE,FALSE,FALSE,FALSE,FALSE,FALSE,413
3/24/1904,4,3,29,2,88,13,1,FALSE,FALSE,FALSE,FALSE,FALSE,FALSE,413
3/25/1904,4,3,30,3,89,13,1,FALSE,FALSE,FALSE,FALSE,FALSE,FALSE,413
3/26/1904,4,3,31,4,90,13,1,FALSE,TRUE,FALSE,TRUE,FALSE,FALSE,413
3/27/1904,4,4,1,5,91,13,2,TRUE,FALSE,TRUE,FALSE,FALSE,FALSE,413
3/28/1904,4,4,2,6,92,13,2,FALSE,FALSE,FALSE,FALSE,FALSE,FALSE,413
3/29/1904,4,4,3,0,93,14,2,FALSE,FALSE,FALSE,FALSE,FALSE,FALSE,414
3/30/1904,4,4,4,1,94,14,2,FALSE,FALSE,FALSE,FALSE,FALSE,FALSE,414
3/31/1904,4,4,5,2,95,14,2,FALSE,FALSE,FALSE,FALSE,FALSE,FALSE,414
4/1/1904,4,4,6,3,96,14,2,FALSE,FALSE,FALSE,FALSE,FALSE,FALSE,414
4/2/1904,4,4,7,4,97,14,2,FALSE,FALSE,FALSE,FALSE,FALSE,FALSE,414
4/3/1904,4,4,8,5,98,14,2,FALSE,FALSE,FALSE,FALSE,FALSE,FALSE,414
4/4/1904,4,4,9,6,99,14,2,FALSE,FALSE,FALSE,FALSE,FALSE,FALSE,414
4/5/1904,4,4,10,0,100,15,2,FALSE,FALSE,FALSE,FALSE,FALSE,FALSE,415
4/6/1904,4,4,11,1,101,15,2,FALSE,FALSE,FALSE,FALSE,FALSE,FALSE,415
4/7/1904,4,4,12,2,102,15,2,FALSE,FALSE,FALSE,FALSE,FALSE,FALSE,415
4/8/1904,4,4,13,3,103,15,2,FALSE,FALSE,FALSE,FALSE,FALSE,FALSE,415
4/9/1904,4,4,14,4,104,15,2,FALSE,FALSE,FALSE,FALSE,FALSE,FALSE,415
4/10/1904,4,4,15,5,105,15,2,FALSE,FALSE,FALSE,FALSE,FALSE,FALSE,415
4/11/1904,4,4,16,6,106,15,2,FALSE,FALSE,FALSE,FALSE,FALSE,FALSE,415
4/12/1904,4,4,17,0,107,16,2,FALSE,FALSE,FALSE,FALSE,FALSE,FALSE,416
4/13/1904,4,4,18,1,108,16,2,FALSE,FALSE,FALSE,FALSE,FALSE,FALSE,416
4/14/1904,4,4,19,2,109,16,2,FALSE,FALSE,FALSE,FALSE,FALSE,FALSE,416
4/15/1904,4,4,20,3,110,16,2,FALSE,FALSE,FALSE,FALSE,FALSE,FALSE,416
4/16/1904,4,4,21,4,111,16,2,FALSE,FALSE,FALSE,FALSE,FALSE,FALSE,416
4/17/1904,4,4,22,5,112,16,2,FALSE,FALSE,FALSE,FALSE,FALSE,FALSE,416
4/18/1904,4,4,23,6,113,16,2,FALSE,FALSE,FALSE,FALSE,FALSE,FALSE,416
4/19/1904,4,4,24,0,114,17,2,FALSE,FALSE,FALSE,FALSE,FALSE,FALSE,417
4/20/1904,4,4,25,1,115,17,2,FALSE,FALSE,FALSE,FALSE,FALSE,FALSE,417
4/21/1904,4,4,26,2,116,17,2,FALSE,FALSE,FALSE,FALSE,FALSE,FALSE,417
4/22/1904,4,4,27,3,117,17,2,FALSE,FALSE,FALSE,FALSE,FALSE,FALSE,417
4/23/1904,4,4,28,4,118,17,2,FALSE,FALSE,FALSE,FALSE,FALSE,FALSE,417
4/24/1904,4,4,29,5,119,17,2,FALSE,FALSE,FALSE,FALSE,FALSE,FALSE,417
4/25/1904,4,4,30,6,120,17,2,FALSE,TRUE,FALSE,FALSE,FALSE,FALSE,417
4/26/1904,4,5,1,0,121,18,2,TRUE,FALSE,FALSE,FALSE,FALSE,FALSE,418
4/27/1904,4,5,2,1,122,18,2,FALSE,FALSE,FALSE,FALSE,FALSE,FALSE,418
4/28/1904,4,5,3,2,123,18,2,FALSE,FALSE,FALSE,FALSE,FALSE,FALSE,418
4/29/1904,4,5,4,3,124,18,2,FALSE,FALSE,FALSE,FALSE,FALSE,FALSE,418
4/30/1904,4,5,5,4,125,18,2,FALSE,FALSE,FALSE,FALSE,FALSE,FALSE,418
5/1/1904,4,5,6,5,126,18,2,FALSE,FALSE,FALSE,FALSE,FALSE,FALSE,418
5/2/1904,4,5,7,6,127,18,2,FALSE,FALSE,FALSE,FALSE,FALSE,FALSE,418
5/3/1904,4,5,8,0,128,19,2,FALSE,FALSE,FALSE,FALSE,FALSE,FALSE,419
5/4/1904,4,5,9,1,129,19,2,FALSE,FALSE,FALSE,FALSE,FALSE,FALSE,419
5/5/1904,4,5,10,2,130,19,2,FALSE,FALSE,FALSE,FALSE,FALSE,FALSE,419
5/6/1904,4,5,11,3,131,19,2,FALSE,FALSE,FALSE,FALSE,FALSE,FALSE,419
5/7/1904,4,5,12,4,132,19,2,FALSE,FALSE,FALSE,FALSE,FALSE,FALSE,419
5/8/1904,4,5,13,5,133,19,2,FALSE,FALSE,FALSE,FALSE,FALSE,FALSE,419
5/9/1904,4,5,14,6,134,19,2,FALSE,FALSE,FALSE,FALSE,FALSE,FALSE,419
5/10/1904,4,5,15,0,135,20,2,FALSE,FALSE,FALSE,FALSE,FALSE,FALSE,420
5/11/1904,4,5,16,1,136,20,2,FALSE,FALSE,FALSE,FALSE,FALSE,FALSE,420
5/12/1904,4,5,17,2,137,20,2,FALSE,FALSE,FALSE,FALSE,FALSE,FALSE,420
5/13/1904,4,5,18,3,138,20,2,FALSE,FALSE,FALSE,FALSE,FALSE,FALSE,420
5/14/1904,4,5,19,4,139,20,2,FALSE,FALSE,FALSE,FALSE,FALSE,FALSE,420
5/15/1904,4,5,20,5,140,20,2,FALSE,FALSE,FALSE,FALSE,FALSE,FALSE,420
5/16/1904,4,5,21,6,141,20,2,FALSE,FALSE,FALSE,FALSE,FALSE,FALSE,420
5/17/1904,4,5,22,0,142,21,2,FALSE,FALSE,FALSE,FALSE,FALSE,FALSE,421
5/18/1904,4,5,23,1,143,21,2,FALSE,FALSE,FALSE,FALSE,FALSE,FALSE,421
5/19/1904,4,5,24,2,144,21,2,FALSE,FALSE,FALSE,FALSE,FALSE,FALSE,421
5/20/1904,4,5,25,3,145,21,2,FALSE,FALSE,FALSE,FALSE,FALSE,FALSE,421
5/21/1904,4,5,26,4,146,21,2,FALSE,FALSE,FALSE,FALSE,FALSE,FALSE,421
5/22/1904,4,5,27,5,147,21,2,FALSE,FALSE,FALSE,FALSE,FALSE,FALSE,421
5/23/1904,4,5,28,6,148,21,2,FALSE,FALSE,FALSE,FALSE,FALSE,FALSE,421
5/24/1904,4,5,29,0,149,22,2,FALSE,FALSE,FALSE,FALSE,FALSE,FALSE,422
5/25/1904,4,5,30,1,150,22,2,FALSE,FALSE,FALSE,FALSE,FALSE,FALSE,422
5/26/1904,4,5,31,2,151,22,2,FALSE,TRUE,FALSE,FALSE,FALSE,FALSE,422
5/27/1904,4,6,1,3,152,22,2,TRUE,FALSE,FALSE,FALSE,FALSE,FALSE,422
5/28/1904,4,6,2,4,153,22,2,FALSE,FALSE,FALSE,FALSE,FALSE,FALSE,422
5/29/1904,4,6,3,5,154,22,2,FALSE,FALSE,FALSE,FALSE,FALSE,FALSE,422
5/30/1904,4,6,4,6,155,22,2,FALSE,FALSE,FALSE,FALSE,FALSE,FALSE,422
5/31/1904,4,6,5,0,156,23,2,FALSE,FALSE,FALSE,FALSE,FALSE,FALSE,423
6/1/1904,4,6,6,1,157,23,2,FALSE,FALSE,FALSE,FALSE,FALSE,FALSE,423
6/2/1904,4,6,7,2,158,23,2,FALSE,FALSE,FALSE,FALSE,FALSE,FALSE,423
6/3/1904,4,6,8,3,159,23,2,FALSE,FALSE,FALSE,FALSE,FALSE,FALSE,423
6/4/1904,4,6,9,4,160,23,2,FALSE,FALSE,FALSE,FALSE,FALSE,FALSE,423
6/5/1904,4,6,10,5,161,23,2,FALSE,FALSE,FALSE,FALSE,FALSE,FALSE,423
6/6/1904,4,6,11,6,162,23,2,FALSE,FALSE,FALSE,FALSE,FALSE,FALSE,423
6/7/1904,4,6,12,0,163,24,2,FALSE,FALSE,FALSE,FALSE,FALSE,FALSE,424
6/8/1904,4,6,13,1,164,24,2,FALSE,FALSE,FALSE,FALSE,FALSE,FALSE,424
6/9/1904,4,6,14,2,165,24,2,FALSE,FALSE,FALSE,FALSE,FALSE,FALSE,424
6/10/1904,4,6,15,3,166,24,2,FALSE,FALSE,FALSE,FALSE,FALSE,FALSE,424
6/11/1904,4,6,16,4,167,24,2,FALSE,FALSE,FALSE,FALSE,FALSE,FALSE,424
6/12/1904,4,6,17,5,168,24,2,FALSE,FALSE,FALSE,FALSE,FALSE,FALSE,424
6/13/1904,4,6,18,6,169,24,2,FALSE,FALSE,FALSE,FALSE,FALSE,FALSE,424
6/14/1904,4,6,19,0,170,25,2,FALSE,FALSE,FALSE,FALSE,FALSE,FALSE,425
6/15/1904,4,6,20,1,171,25,2,FALSE,FALSE,FALSE,FALSE,FALSE,FALSE,425
6/16/1904,4,6,21,2,172,25,2,FALSE,FALSE,FALSE,FALSE,FALSE,FALSE,425
6/17/1904,4,6,22,3,173,25,2,FALSE,FALSE,FALSE,FALSE,FALSE,FALSE,425
6/18/1904,4,6,23,4,174,25,2,FALSE,FALSE,FALSE,FALSE,FALSE,FALSE,425
6/19/1904,4,6,24,5,175,25,2,FALSE,FALSE,FALSE,FALSE,FALSE,FALSE,425
6/20/1904,4,6,25,6,176,25,2,FALSE,FALSE,FALSE,FALSE,FALSE,FALSE,425
6/21/1904,4,6,26,0,177,26,2,FALSE,FALSE,FALSE,FALSE,FALSE,FALSE,426
6/22/1904,4,6,27,1,178,26,2,FALSE,FALSE,FALSE,FALSE,FALSE,FALSE,426
6/23/1904,4,6,28,2,179,26,2,FALSE,FALSE,FALSE,FALSE,FALSE,FALSE,426
6/24/1904,4,6,29,3,180,26,2,FALSE,FALSE,FALSE,FALSE,FALSE,FALSE,426
6/25/1904,4,6,30,4,181,26,2,FALSE,TRUE,FALSE,TRUE,FALSE,FALSE,426
6/26/1904,4,7,1,5,182,26,3,TRUE,FALSE,TRUE,FALSE,FALSE,FALSE,426
6/27/1904,4,7,2,6,183,26,3,FALSE,FALSE,FALSE,FALSE,FALSE,FALSE,426
6/28/1904,4,7,3,0,184,27,3,FALSE,FALSE,FALSE,FALSE,FALSE,FALSE,427
6/29/1904,4,7,4,1,185,27,3,FALSE,FALSE,FALSE,FALSE,FALSE,FALSE,427
6/30/1904,4,7,5,2,186,27,3,FALSE,FALSE,FALSE,FALSE,FALSE,FALSE,427
7/1/1904,4,7,6,3,187,27,3,FALSE,FALSE,FALSE,FALSE,FALSE,FALSE,427
7/2/1904,4,7,7,4,188,27,3,FALSE,FALSE,FALSE,FALSE,FALSE,FALSE,427
7/3/1904,4,7,8,5,189,27,3,FALSE,FALSE,FALSE,FALSE,FALSE,FALSE,427
7/4/1904,4,7,9,6,190,27,3,FALSE,FALSE,FALSE,FALSE,FALSE,FALSE,427
7/5/1904,4,7,10,0,191,28,3,FALSE,FALSE,FALSE,FALSE,FALSE,FALSE,428
7/6/1904,4,7,11,1,192,28,3,FALSE,FALSE,FALSE,FALSE,FALSE,FALSE,428
7/7/1904,4,7,12,2,193,28,3,FALSE,FALSE,FALSE,FALSE,FALSE,FALSE,428
7/8/1904,4,7,13,3,194,28,3,FALSE,FALSE,FALSE,FALSE,FALSE,FALSE,428
7/9/1904,4,7,14,4,195,28,3,FALSE,FALSE,FALSE,FALSE,FALSE,FALSE,428
7/10/1904,4,7,15,5,196,28,3,FALSE,FALSE,FALSE,FALSE,FALSE,FALSE,428
7/11/1904,4,7,16,6,197,28,3,FALSE,FALSE,FALSE,FALSE,FALSE,FALSE,428
7/12/1904,4,7,17,0,198,29,3,FALSE,FALSE,FALSE,FALSE,FALSE,FALSE,429
7/13/1904,4,7,18,1,199,29,3,FALSE,FALSE,FALSE,FALSE,FALSE,FALSE,429
7/14/1904,4,7,19,2,200,29,3,FALSE,FALSE,FALSE,FALSE,FALSE,FALSE,429
7/15/1904,4,7,20,3,201,29,3,FALSE,FALSE,FALSE,FALSE,FALSE,FALSE,429
7/16/1904,4,7,21,4,202,29,3,FALSE,FALSE,FALSE,FALSE,FALSE,FALSE,429
7/17/1904,4,7,22,5,203,29,3,FALSE,FALSE,FALSE,FALSE,FALSE,FALSE,429
7/18/1904,4,7,23,6,204,29,3,FALSE,FALSE,FALSE,FALSE,FALSE,FALSE,429
7/19/1904,4,7,24,0,205,30,3,FALSE,FALSE,FALSE,FALSE,FALSE,FALSE,430
7/20/1904,4,7,25,1,206,30,3,FALSE,FALSE,FALSE,FALSE,FALSE,FALSE,430
7/21/1904,4,7,26,2,207,30,3,FALSE,FALSE,FALSE,FALSE,FALSE,FALSE,430
7/22/1904,4,7,27,3,208,30,3,FALSE,FALSE,FALSE,FALSE,FALSE,FALSE,430
7/23/1904,4,7,28,4,209,30,3,FALSE,FALSE,FALSE,FALSE,FALSE,FALSE,430
7/24/1904,4,7,29,5,210,30,3,FALSE,FALSE,FALSE,FALSE,FALSE,FALSE,430
7/25/1904,4,7,30,6,211,30,3,FALSE,FALSE,FALSE,FALSE,FALSE,FALSE,430
7/26/1904,4,7,31,0,212,31,3,FALSE,TRUE,FALSE,FALSE,FALSE,FALSE,431
7/27/1904,4,8,1,1,213,31,3,TRUE,FALSE,FALSE,FALSE,FALSE,FALSE,431
7/28/1904,4,8,2,2,214,31,3,FALSE,FALSE,FALSE,FALSE,FALSE,FALSE,431
7/29/1904,4,8,3,3,215,31,3,FALSE,FALSE,FALSE,FALSE,FALSE,FALSE,431
7/30/1904,4,8,4,4,216,31,3,FALSE,FALSE,FALSE,FALSE,FALSE,FALSE,431
7/31/1904,4,8,5,5,217,31,3,FALSE,FALSE,FALSE,FALSE,FALSE,FALSE,431
8/1/1904,4,8,6,6,218,31,3,FALSE,FALSE,FALSE,FALSE,FALSE,FALSE,431
8/2/1904,4,8,7,0,219,32,3,FALSE,FALSE,FALSE,FALSE,FALSE,FALSE,432
8/3/1904,4,8,8,1,220,32,3,FALSE,FALSE,FALSE,FALSE,FALSE,FALSE,432
8/4/1904,4,8,9,2,221,32,3,FALSE,FALSE,FALSE,FALSE,FALSE,FALSE,432
8/5/1904,4,8,10,3,222,32,3,FALSE,FALSE,FALSE,FALSE,FALSE,FALSE,432
8/6/1904,4,8,11,4,223,32,3,FALSE,FALSE,FALSE,FALSE,FALSE,FALSE,432
8/7/1904,4,8,12,5,224,32,3,FALSE,FALSE,FALSE,FALSE,FALSE,FALSE,432
8/8/1904,4,8,13,6,225,32,3,FALSE,FALSE,FALSE,FALSE,FALSE,FALSE,432
8/9/1904,4,8,14,0,226,33,3,FALSE,FALSE,FALSE,FALSE,FALSE,FALSE,433
8/10/1904,4,8,15,1,227,33,3,FALSE,FALSE,FALSE,FALSE,FALSE,FALSE,433
